"area_cont","area_ctry","area_name","area_code","alt_m","alt_sd","slope_m","slope_sd","ddefor_m","ddefor_sd","dedge_m","dedge_sd","driver_m","driver_sd","droad_m","droad_sd","dtown_m","dtown_sd"
"America","Antigua and B.","Antigua and B.","ATG",93.5649753663062,94.4772177180551,9.64623456395163,8.64588235703963,230.661458005167,190.370263045238,66.9151282212841,70.0605799063838,20134.3829626363,17824.0748228805,1867.65150274085,2343.96696904008,2552.51817780858,2358.42056974043
"America","Bahamas","Bahamas","BHS",9.76615787617752,6.13375885782983,0.947156314543348,1.03878360791764,150.3429,212.305311278003,67.83035,84.4986666765281,56156.6349,57824.5512470789,11544.64095,22732.0355500502,26009.22465,25431.7351577481
"America","Barbados","Barbados","BRB",167.310531053105,85.2021849090853,6.50281278127813,4.17485513942872,186.728208571109,144.081303481534,60.4186527917646,63.2444165129342,4001.92855544366,2360.22463421158,451.596564842788,407.100133581123,1073.86443996867,558.132408087085
"America","Belize","Belize","BLZ",172.055477738869,220.949041720551,4.27313656828414,5.64635886828996,673.14925,1186.49636828607,417.92375,699.951045509072,4333.79995,4316.63113910021,6313.95055,6284.021151269,8874.01975,7793.08107202727
"America","Bolivia","Bolivia","BOL",408.427667416903,507.427460619026,4.35978732426526,7.63403287517213,645.186026029944,1072.16203534837,476.296115079753,860.85181303705,8170.43784453795,9707.65643389856,22366.7376292527,19194.2524493199,22499.2067227713,21418.8708702443
"America","Brazil","Brazil – Acre","AC",235.865859163407,45.4139328442718,2.53125940415287,1.63117255373382,1548.33663105627,2601.63284172097,850.77087721938,1494.1814879655,7228.30721486608,6941.97773645431,46305.735479988,49529.4357627906,39217.4010306952,25160.8892291992
"America","Brazil","Brazil – Alagoas","AL",169.819645893768,173.023279218311,7.78353506051816,5.96452918930352,138.52795,134.114628417169,61.84355,66.4878560727277,3521.80685,2905.90307513468,3005.74325,2391.20328930603,7789.42115,3555.93397327675
"America","Brazil","Brazil – Amapa","AP",97.1687953054884,99.2084577406695,3.20827580255437,3.31595243778096,2345.97678833376,3841.31899118969,1613.73807058417,2694.79172300497,8607.11273621538,8242.00986841366,39412.1680904306,41269.8257327977,46422.296013461,56262.1300492954
"America","Brazil","Brazil – Amazonas","AM",96.69182,74.5940949933551,1.94474,2.25101243954138,2836.48931,4274.07943644898,2336.23053,3557.38930593106,8957.23726,8148.8365130608,71879.41708,76447.9051094678,66843.62236,53323.5040439304
"America","Brazil","Brazil – Bahia","BA",257.459041808362,258.847795660097,7.21674334866973,6.39647249907722,159.49635,213.830933379811,92.57735,131.738747420249,5645.1523,4538.12316970352,3170.4785,2758.38126478155,8514.56255,7725.90954651318
"America","Brazil","Brazil – Ceara","CE",486.534483620905,372.030420985863,8.27541885471368,9.36778202246192,190.898139813981,303.54945612929,60.4811481148115,57.5741507715704,4774.38818881888,4308.9284536921,2101.90519051905,1631.67303619525,4122.70667066707,2305.53122494597
"America","Brazil","Brazil – Espirito Santo","ES",409.859050667734,410.564138478948,11.2742459860951,9.88264803358767,153.61345,226.441600460292,82.2993,128.929976601461,3856.9852,3016.87982101934,1476.23825,1287.37824217433,7327.2445,4564.33727707087
"America","Brazil","Brazil – Goias","GO",553.95485,252.290541513836,3.57415,4.45084174927775,170.5578,241.261573642604,48.4236,43.5827137255906,5828.33375,5528.43127037648,6384.2805,5083.25646575447,20347.12965,11097.4596587185
"America","Brazil","Brazil – Maranhao","MA",133.45613771706,115.718239725378,3.22223890306761,3.55692119270414,471.63785,1172.05039759564,332.74165,940.261198264251,15673.02425,11063.3333603537,11786.9702,9701.57963832622,13443.37795,9434.14754480227
"America","Brazil","Brazil – Mato Grosso","MT",311.364874155557,101.31698171301,2.33632749447002,2.67378509495491,689.753437556047,1248.44578686446,588.143869193519,1098.38222880069,9175.77035631016,7890.84055304275,16735.5742362647,21492.6268822416,40200.040757458,23745.0249221013
"America","Brazil","Brazil – Mato Grosso do Sul","MS",303.7881,161.468442121921,2.5013,3.60175609145693,257.85715,362.623380009706,53.7496,60.1199926855952,7151.85695,8233.78901511716,13314.3898,19665.6821117601,27135.4472,18426.2112121156
"America","Brazil","Brazil – Minas Gerais","MG",883.8865,311.307521972104,11.48025,7.19142515550905,110.3932,129.660062395284,54.9238,58.2517755697442,6049.25865,4948.49083853139,2923.75965,2994.7753545889,7934.94355,5041.69244381272
"America","Brazil","Brazil – Para","PA",201.990369903699,126.19295372759,3.95236952369524,4.05568863852001,1080.33169,1806.02638954278,919.67659,1552.82326879044,11540.46818,9398.18484750815,44627.00445,69557.6462761527,49064.07191,59858.7404970617
"America","Brazil","Brazil – Paraiba","PB",118.05579764588,147.65822328505,4.12632106185825,4.13628660448883,175.33845,214.07850378281,87.87185,108.435662225209,3377.7695,3485.81435768696,1969.91235,1502.97228798551,5701.56175,2608.53916727664
"America","Brazil","Brazil – Parana","PR",722.014605111789,299.016892043671,7.62581903666283,5.97383983009169,218.31645,345.126186218343,123.38665,248.853943038936,3763.93765,3604.85069987522,3842.1401,3203.38840675561,10807.84505,6019.22542492606
"America","Brazil","Brazil – Pernambouco","PE",241.859652635267,251.415411228514,7.87201561639722,5.76277865062594,126.84495,127.297172545208,63.33765,67.411216841749,2973.08105,2702.46206989901,2571.458,2015.01933491518,5002.4836,2211.03810650257
"America","Brazil","Brazil – Piaui","PI",159.78793939697,117.794630353183,3.04145207260363,3.0481241637575,160.70565,227.066434257368,43.6708,33.4653436232349,11676.7016,8265.64307292106,4690.6805,4988.48498773359,15113.60335,10110.2650994441
"America","Brazil","Brazil – Rio de Janeiro","RJ",545.76006006006,409.272525203289,15.7614114114114,9.42146934924928,171.05535,225.729101286777,109.4171,165.07890228551,3016.17885,2784.88629041568,2362.87895,2434.48916127608,7012.22205,3934.03519180857
"America","Brazil","Brazil – Rio Grande do Norte","RN",42.5690061706717,38.4261910934618,2.25390056689911,2.26145720789425,148.113889861451,177.776363327025,70.9616365728005,76.0764840889424,3124.23818336418,2878.13225893261,1935.97509128195,1620.38428157266,5555.96578802581,2681.3931744286
"America","Brazil","Brazil – Rio Grande do Sul","RS",361.37695,260.438856314858,8.10225,7.57370866819219,125.61965,139.312065796403,52.77325,61.9139055545889,2228.96765,2542.76020770288,3057.68795,2941.60536985885,9245.34035,6707.77591463802
"America","Brazil","Brazil – Rondonia","RO",195.755364496785,98.0580763723028,2.44397081135756,2.94779302453339,808.346759627195,1278.67858658883,656.406473520699,1057.40528263061,11869.2293186908,9910.23843104365,16424.9284733762,17878.7911494663,31885.8880138718,18672.2858808081
"America","Brazil","Brazil – Roraima","RR",201.521875576888,219.345073110866,3.68214263737616,4.84507598043297,1506.52621377146,2468.90038372154,1233.37628453634,2082.89361000323,8365.3323180112,6660.45323678459,53371.530090456,63667.156380597,47362.1915266753,45447.3585361637
"America","Brazil","Brazil – Santa Catarina","SC",678.077215443089,351.749310494457,10.0549109821964,7.27176079181176,148.2211,185.089708857101,83.92335,122.704316925881,2052.8212,1905.21475369404,2539.24805,2377.83886180368,10272.6126,5923.01825284056
"America","Brazil","Brazil – Sao Paulo","SP",574.379625925185,345.370212538527,8.16033206641328,7.18968160979097,309.91435,505.751485753967,193.55035,364.76938755902,4191.05325,4013.909694832,3515.0631,3735.38703300377,9675.1004,5699.76384509168
"America","Brazil","Brazil – Sergipe","SE",64.1870683615254,66.6129947039877,3.63752377139425,3.26962308947075,130.9387,128.736323135138,68.24835,72.7115122967369,2728.494,2646.84636192719,2048.587,1574.57270108133,6948.29265,3899.82608364528
"America","Brazil","Brazil – Tocantins","TO",233.696,89.2379630801977,2.14405,3.19556101146714,217.579,298.812204730136,113.28775,165.437337761383,9580.4601,9087.04857236913,10502.20285,9189.23347249881,20814.70695,12568.3599009219
"America","Colombia","Colombia","COL",586.785909295465,751.862467594754,7.23670183509175,9.06098400442909,1923.71253,3725.96394802263,1474.93228,3031.18047447272,4841.49267,6644.08869115183,49931.58249,68072.9695491356,16842.36937,16344.8207105339
"America","Costa Rica","Costa Rica","CRI",611.27223584764,729.907800583436,9.23820011011562,9.18669173965413,517.5693,896.965315347453,331.9854,698.616070676556,1672.56385,1703.47126266935,5495.8325,6448.22788840382,9597.95035,6897.4301932349
"America","Cuba","Cuba","CUB",202.023131851554,263.544262779558,6.58930906165141,8.40408586018798,208.4115,296.413252754614,105.91865,164.788072953193,6211.34725,7565.98434154607,6548.06065,8097.58789479048,10199.99515,8987.56554890985
"America","Dominica","Dominica","DMA",278.421963863305,223.993438097637,14.1736373244753,8.93330586376932,812.25305,1012.3190728772,390.58455,563.272597196273,490.5312,618.397446951942,1365.88905,1539.20500046023,2108.59405,1672.15618471179
"America","Dominican Rep.","Dominican Rep.","DOM",508.877432587923,539.821317955009,10.2537895842713,8.79577715096075,155.6964,224.586771622773,87.40345,137.155729602542,3966.82955,4537.96829894292,4959.39465,4633.91929008272,9827.10845,5559.34314765695
"America","Ecuador","Ecuador","ECU",859.488856216794,933.224985425394,9.05757342867645,9.52565030851542,1304.70870088212,2400.17458709429,859.778902699813,1834.40579814605,2487.40861400695,2288.72578568491,12178.430666934,20911.5983063563,8492.36397353649,6363.65701967748
"America","El Salvador","El Salvador","SLV",740.118213265153,524.872527211297,10.020805133604,8.45013082817144,156.6991,211.555612660247,65.3204,83.0849547109762,3687.63155,2948.08983885829,1571.2541,1460.38744133436,3971.92535,2505.39004087991
"America","French Guiana","French Guiana","GUF",100.6653,77.0412736382401,3.8962,3.39561512396554,2381.84725,3500.22116885905,1608.2716,2219.84278450814,2865.0653,2680.40475262931,43112.60855,46428.321685882,29765.1944,28471.8959560963
"America","Grenada","Grenada","GRD",197.876469996985,157.704255726901,10.4580862398231,6.30727779833035,288.5013,430.992060026748,127.67385,158.462357334832,3406.43695,6611.42405104406,793.5988,926.74849925835,1063.8251,887.762251056391
"America","Guadeloupe","Guadeloupe","GLP",226.303576811012,237.029801240218,9.15738973173917,7.61169494417361,758.54385,1229.83626708573,243.6318,433.047497782318,1378.51435,1886.16405008559,1175.0886,1331.94115163231,4025.6359,2396.59922083824
"America","Guatemala","Guatemala","GTM",599.287678767877,658.380557461237,9.12401240124012,9.51500408605587,238.2292,355.276087039729,169.2225,280.16890177967,7569.1815,7552.50112632371,8228.02225,9428.88506807333,12149.6569,10824.1962131867
"America","Guyana","Guyana","GUY",192.892155538141,225.279293084816,3.52741373253709,4.70520443613534,2134.50183744055,3179.80806929028,1460.1392131431,2227.67968435552,7420.26840142672,6440.44666831876,42862.4855436662,49805.4713341591,30739.9805177259,24016.9602636918
"America","Haiti","Haiti","HTI",478.117877207063,421.101085671335,15.0511135634029,10.5819313878711,72.757,80.7029770177345,47.80075,47.4458259993199,1690.5259,1584.42228794236,4071.45335,3293.96996879625,3587.971,2157.86942252798
"America","Honduras","Honduras","HND",600.615496198479,516.967569414645,11.5591236494598,8.60173245357342,616.17005,1381.57729183845,486.41055,1159.91521925721,3594.87345,2904.48778828569,23897.86885,22720.3503977241,14247.6017,9286.76337922746
"America","Jamaica","Jamaica","JAM",372.143500450315,268.431999444514,10.7545281697188,7.82742212755286,213.89875,400.830728315676,134.88075,290.113305996042,2879.9251,3056.47713647825,2060.66,2009.27515724773,4126.4224,2190.99621966811
"America","Martinique","Martinique","MTQ",190.380930908362,179.59571582729,9.39856706247808,6.96048572371717,477.115,765.94332729911,133.3385,232.362490591966,1205.586,1041.61461945135,728.4531,812.917305405452,2766.1687,1337.96768777014
"America","Mexico","Mexico","MEX",765.875031267197,855.533899762944,10.1059582770524,10.2597532397414,195.0129,331.697437573905,123.2474,265.18228989807,13687.6264,18134.5424574879,5583.86495,6060.0073859433,9975.34565,8117.18140353984
"America","Montserrat","Montserrat","MSR",321.218663326474,158.457591494788,16.737138767111,8.32622544832507,824.615027663752,519.946578214699,158.829020167767,163.319335630189,1891.66758879172,1221.23518933225,2945.05416741032,2462.05998572866,3660.44734963412,2730.42652083339
"America","Nicaragua","Nicaragua","NIC",174.788318247737,236.191601548585,4.53167975196279,5.49882773554051,966.43765,2263.02609935652,534.94245,1239.39331381419,4148.29855,3938.38678175976,19807.853,16060.5139672345,13367.97365,8414.15112971697
"America","Panama","Panama","PAN",302.18640504555,408.870622636726,8.59730703774152,7.62046908249909,940.84825,1690.62484813775,530.71335,966.807655965735,2469.4744,2315.93736256791,16203.9709,16882.7284878545,11572.27035,8150.77844327291
"America","Paraguay","Paraguay","PRY",226.3195,88.6110958969914,2.90885,2.8682665540621,185.32245,213.263407644278,92.0404,112.607743486115,7469.2877,6586.48918707222,6430.11905,4972.71974191776,13566.0499,8616.2189480803
"America","Peru","Peru","PER",578.20405,687.974659042695,6.73641,8.90005856285925,1909.03568,3459.73618653384,1521.29737,2809.7901026385,5495.97879,5336.62558019447,34723.56056,40020.595561818,20093.3209,18516.9950004633
"America","Puerto Rico","Puerto Rico","PRI",317.958954850335,235.575650879987,9.99094003403744,7.23372267664686,168.21945,255.223831473288,101.5431,158.278094947333,1754.55695,3061.02614053006,537.45735,1526.55705697605,5345.0468,2805.53175300702
"America","Saint Kitts and N.","Saint Kitts and N.","KNA",329.323028391167,209.383548491609,14.2572029442692,8.53378739888831,738.982308929445,636.249723619496,276.359695126215,300.801703346644,3295.45961820852,1866.72952239613,1156.66345010838,695.958522455181,1667.55527585484,818.911257585955
"America","Saint Lucia","Saint Lucia","LCA",156.210449854724,121.096844774527,11.3081855525498,7.5253992458849,597.77815,789.004753951245,220.7751,328.556104000008,1378.8521,1277.99970148175,1282.9051,1285.93774864441,1899.2993,1155.65223286406
"America","Saint Martin","Saint Martin","MAF",189.427793788024,107.133713160686,15.7174191482549,7.7715195670198,122.996485061511,85.1555397564355,63.984502316664,46.4757030181689,2861.54289822655,1363.426372838,614.208339990414,405.62830310764,2223.40405815625,1523.24250294454
"America","Saint Vincent","Saint Vincent","VCT",247.669299311462,215.279735886739,13.8932260024301,7.61164955401746,858.05904132893,1131.5090687644,168.226508555989,262.139760853736,4500.38076653658,9483.32632985532,1657.99514660262,1654.32949997796,2450.65695987191,1630.19118648219
"America","Sint Maarten","Sint Maarten","SXM",165.518903199003,71.4359105364714,18.1620274200249,6.15114453549132,112.493995859213,91.8652782883041,56.1432712215321,36.0720788832806,1402.60248447205,511.133717381629,580.981366459627,236.121514432892,1607.04886128364,421.973980080653
"America","Suriname","Suriname","SUR",112.936358343643,109.765383190004,3.32854231860854,3.78449812933576,1578.74623389855,2064.73664087534,1264.49123062368,1729.06232379664,4171.62928462266,3454.94111859142,54884.0144822065,61937.6854981711,31343.5761225529,27544.7264170916
"America","Trinidad and Tobago","Trinidad and Tobago","TTO",92.9297446169254,107.986015946635,5.41757636454682,6.46792736242213,494.3537,795.754791302386,366.2884,662.475120732635,4568.36505,3529.71612584992,1833.1233,1919.23178246632,3849.42525,2690.47879492103
"America","Venezuela","Venezuela","VEN",416.393165375579,463.551017336733,6.85360690441296,8.09894229663965,1263.14794138172,2271.51282503837,981.036147941382,1788.39831563308,8481.91297976274,8127.85476186428,74120.2749709235,90060.2109911977,27589.1383810189,26174.927346283
"America","Virgin Isl. UK","Virgin Isl. UK","VGB",159.647626301092,116.287193230208,17.6817974105103,7.95777811810632,150.53206282513,137.553709992847,68.1816226490596,71.515617133465,8616.81712685074,10910.56802097,1351.61209483794,2323.06766762497,5387.01885754302,4073.24867894839
"America","Virgin Isl. US","Virgin Isl. US","VIR",137.762222222222,89.2430691838561,13.6086363636364,7.38069690212512,204.9456,241.293412396989,87.0194,114.848511234002,NA,NA,416.79075,483.203238847733,4816.27185,2919.96952692138
"Africa","Angola","Angola","AGO",723.44825,385.719499894117,5.35205,5.10563553078445,490.49445,2052.37390048708,130.93585,331.785972173846,10771.8388,8645.08870171079,11336.04845,11602.7237818824,21630.75385,16176.7022865664
"Africa","Benin","Benin","BEN",44.8578291547816,72.2065132597667,1.00290246709703,1.12975231316675,267.85275,379.631518939018,48.1444,39.4009894614149,6570.9331,6489.33951476507,2156.8532,2593.46050727978,3107.2102,2460.52726441649
"Africa","Burundi","Burundi","BDI",1793.55115,507.80177531772,13.62735,8.25748092804724,188.19975,292.617307065657,154.07385,254.101676655786,4218.94935,3493.00045974735,1925.8091,1586.51947229115,3816.69555,1980.413852661
"Africa","Cameroon","Cameroon","CMR",586.129921928038,298.080864123044,4.47853021045485,4.66433550739359,1639.79209264837,2811.15342628784,952.879608026132,1831.35910605903,8227.44029185933,8299.5158778836,7055.24844101302,8727.59745506156,6510.93409833284,6862.77061294874
"Africa","CAR","CAR","CAF",563.02505,107.448566217594,2.53655,2.02370177297528,632.6091,1416.6147242144,407.1635,1151.19833758062,13176.659,10716.712030397,14023.3366,16184.813135508,13270.5467,13567.2999791209
"Africa","Comoros","Comoros","COM",493.357701172462,430.978590467398,11.9355646858403,7.96773173617761,8108.8412,6025.47717304951,132.1679,266.665092997155,16677.84835,13821.5254300353,1677.12195,1544.89548280162,2241.93485,1488.30787712836
"Africa","Congo","Congo","COG",402.985231847479,119.682090322374,3.315658830646,3.66544752056108,3281.58482813282,4975.50629299146,2007.90424244952,3854.32914463622,14006.7605748373,11057.6771326344,17641.2717128316,22809.1101946505,23182.487089104,17335.6923361397
"Africa","DRC","DRC","COD",574.12183,299.439059050338,3.61146,3.8968203089808,1614.43527,3143.33620558715,1287.15955,2566.20730861973,9600.37727,8154.33122968618,14108.73249,15650.7446889291,17920.87049,16550.1761264307
"Africa","Eq. Guinea","Eq. Guinea","GNQ",386.527224502052,297.025326659086,4.63912521269142,5.06880111100284,2783.62265,3472.79801797638,869.43285,1217.4167107705,7870.07235,7129.60709906828,2540.68585,3592.40525794859,12276.47765,8761.13545254959
"Africa","Ethiopia","Ethiopia","ETH",1760.1637,584.610043830481,9.67335,7.7105850902264,298.81,464.2384801676,210.4327,340.766594114349,8499.00495,6364.16452427419,8161.84675,6580.43664750965,13483.4202,9118.66255945331
"Africa","Gabon","Gabon","GAB",308.724384778188,227.090887351903,4.11874922189484,3.92703511062629,4273.38320683505,5945.1727633462,1562.49838248102,2725.31016270642,8659.25693666791,8769.37023134162,17638.9186885654,19228.9615078942,15584.9602048857,13733.5343654092
"Africa","Gambia","Gambia","GMB",6.47004654421701,4.55143732512711,0.800060057054201,0.935139819962478,108.83235,109.941823723766,61.2287,49.4759203011372,2520.5496,2336.4156173799,4405.39755,2317.08205624375,3855.43155,1745.49575530455
"Africa","Ghana","Ghana","GHA",178.586979348967,103.170061687652,3.93309665483274,3.65329424247357,367.6743,637.192599643124,233.5094,514.104630294442,9232.91455,6812.72947846864,2770.32875,2558.32070587625,4128.7213,3433.63644995941
"Africa","Guinea","Guinea","GIN",414.986320589267,250.982598491841,5.18519817607857,5.99181604089195,236.4648,614.056303622201,154.198,439.309897857216,3899.664,3659.19622301865,4981.5892,4729.83296580731,5743.92845,4067.69299422232
"Africa","Guinea Bissau","Guinea Bissau","GNB",16.5187254605859,14.1305294229694,1.22636665659921,1.1560591021376,155.7251,180.793404588627,78.4715,77.7235198316877,4851.20985,6344.51031729568,10568.22705,10332.1975795781,6617.39765,6994.69899127356
"Africa","Ivory Coast","Ivory Coast","CIV",179.770238511926,131.581759519479,3.32066603330167,3.24459260532648,544.4312,1541.28335188086,383.9611,1250.99761068432,7777.98345,6437.9596537724,7724.2334,6976.94185205845,4819.0266,3819.29232620208
"Africa","Kenya","Kenya","KEN",2084.08523409364,797.337583328329,8.97784113645458,7.24527994751449,302.7108,549.377902419949,181.04185,288.572061867261,8449.1676,6739.19775601889,5857.72535,6032.46711606393,8278.2012,4879.37238135811
"Africa","Liberia","Liberia","LBR",230.838933893389,144.962980619764,3.4046404640464,3.17359310911625,862.4663,1570.31047443288,507.96465,934.449826863018,5776.26555,4884.95399002974,6987.28885,8336.72666776909,9100.4825,7576.5326179011
"Africa","Madagascar","Madagascar","MDG",686.143471735868,449.012874575994,10.4196098049025,7.25686432226133,314.8071,583.410153716888,260.9515,512.78839236523,2505.4696,2130.85383179571,18239.7802,12237.3348379982,7880.76075,6237.68791301989
"Africa","Malawi","Malawi","MWI",1425.9733,386.920618945771,11.1319,6.49795456745259,129.71395,168.119424316285,65.71475,66.4423480298378,8265.92735,4741.13068305227,5772.78,4649.87712017873,8192.34355,3894.00368803877
"Africa","Mauritius","Mauritius","MUS",311.723485418863,187.44954595824,7.27385433920594,7.98863466702873,301.47525,292.371287981463,126.42525,196.675124170956,2155.8396,1564.0610324145,957.22755,876.341884041773,2880.45515,1803.4557662786
"Africa","Mayotte","Mayotte","MYT",161.976598516737,107.598910477901,9.75280617358188,5.60641609416488,271.4496,232.024990118827,71.9249,83.0494299822763,3261.2649,1787.54199031697,1049.81745,841.612006071643,1582.18645,836.191892648131
"Africa","Nigeria","Nigeria","NGA",153.162895474569,193.425980957945,2.93837605126151,4.31293505712338,515.8958,898.155928080374,241.76335,520.339848199865,8532.9353,9281.69485009491,7145.95795,9351.86330879302,3424.72025,2849.71200048605
"Africa","Reunion","Reunion","REU",815.123648919135,598.326830519807,12.9438550840673,10.894532458168,2849.9518,1844.54846643535,145.8194,238.172545419722,1809.8225,2401.8228193263,1317.78145,1529.7690471613,3188.74085,2171.32293400946
"Africa","Rwanda","Rwanda","RWA",2076.5558,461.35280708693,12.0153,8.2204589109876,326.39365,471.780067840194,233.8029,359.398202423141,1669.71005,1789.98037859826,2344.1531,2407.12265618819,8438.432,7131.79104448883
"Africa","Senegal","Senegal","SEN",4.79595532749774,5.46517233107593,0.392041452862461,0.54203127678017,257.180859042952,342.780345670781,69.174008700435,51.3948826818654,1153.88449422471,1330.36914278131,8656.78333916696,5374.63296763268,3478.79148957448,1865.02428822928
"Africa","Sierra Leone","Sierra Leone","SLE",186.384603841537,170.221206539236,4.42046818727491,4.81531011109857,172.7869,318.957477074922,119.8513,249.183021486657,4416.398,3416.51687914391,5149.13055,4868.60762849284,5342.0096,4114.32333617979
"Africa","South Sudan","South Sudan","SSD",578.163426169207,182.04990142321,1.49973725696269,2.98678582603449,160.9383,229.918021494489,67.7096,84.7272600953799,12316.48315,10715.2550614098,15032.6989,14722.4572987081,17760.09665,10571.5240699422
"Africa","Tanzania","Tanzania","TZA",1150.60015041364,747.414994495809,8.56505389822011,8.35848743508776,337.75495,527.655552154607,126.87745,235.886350071396,10842.46865,9851.32212056297,7298.1039,6492.30237422062,7484.99205,6896.35804132866
"Africa","Togo","Togo","TGO",468.5341,192.556125143441,7.61025,7.31277093641244,84.51255,74.4559959121081,44.5535,29.4535195391088,8342.6419,5983.48009498375,3541.9174,3728.80820122292,4504.11675,3881.25055326402
"Africa","Uganda","Uganda","UGA",1394.15075,550.749189520897,6.4804,7.46929751451018,470.9064,822.1904110318,314.9057,587.124001755321,7837.1883,8096.33645585109,3664.9916,3536.73543563927,4185.4694,3308.05175773978
"Africa","Zambia","Zambia","ZMB",1303.2476,149.759151254303,1.6697,2.20883359656015,173.5492,664.388692254827,43.644,32.219251512231,12486.55225,8673.33857620425,10274.60745,9164.2426550221,24530.9411,15410.647132028
"Asia","Australia","Australia – Queensland","QLD",290.589952919964,296.668586701246,8.34819192627467,8.16933044479659,348.01615,514.459693103326,260.061,441.684255128096,11332.7899,13131.6836106868,13460.6299,12929.7207283155,26265.6565,23698.8984797008
"Asia","Bangladesh","Bangladesh","BGD",58.24216595638,103.632817908106,2.87986964151416,4.98519754149533,267.6407,360.609010905783,93.29415,133.8903381761,2432.79655,2483.81953455401,10984.29045,12738.451593335,11402.26975,10717.1023456678
"Asia","Bhutan","Bhutan","BTN",2425.93015,1146.67699326241,25.8111,9.54464099893704,278.95445,1105.87293339806,85.8721,102.896481601104,3283.96,2655.26013965119,6502.06445,6036.20397490157,10859.49215,6220.6888435223
"Asia","Brunei","Brunei","BRN",75.7807026323691,130.390189713189,4.00765689120208,4.83540106641442,885.24925,1267.67314323699,730.6287,1187.81427499164,2670.0908,2279.47206602765,4531.05155,6565.06000887567,13320.78525,12514.702451485
"Asia","Cambodia","Cambodia","KHM",260.867073414683,255.551480868142,5.499849969994,6.13197767975893,405.6924,557.893524914474,301.07725,450.055318235338,8842.75365,7005.60139864591,12602.9805,9387.00311001808,17010.29055,8460.56193047718
"Asia","Fiji","Fiji","FJI",214.374567343868,211.632029683701,9.2601956358164,6.82297538755713,2260.90515,27431.6890211937,502.8739,874.680083779914,6772.34975,30364.0691538058,5242.8795,9320.83489961286,5919.921,4439.31780097865
"Asia","India","India – Andaman and N.","AN",59.2263057067957,60.6133048984502,5.11282516636419,4.43854770006943,974.3445,2074.70546392924,506.7445,1211.65773197002,7803.83395,11299.2563016522,7792.958,11043.8221209637,15015.70095,12436.2530154855
"Asia","India","India – North-East","NE",1025.31078107811,979.095260484977,16.9931493149315,11.5851730892608,234.7676,910.535911248164,116.49065,190.857394511791,3600.7848,3148.28396233318,6879.1586,8595.14745198313,8275.1844,5618.55799240271
"Asia","India","India – West. Ghats","WG",453.880678407044,474.845441218909,9.0333199919952,8.64159305794614,137.58525,154.535315674531,76.39275,104.175045569673,2307.33465,2256.509047625,1633.8723,2220.14108720934,3615.6837,3213.10376362857
"Asia","Indonesia","Indonesia","IDN",301.532282109518,479.039296107756,6.60114860876264,7.98111890283721,904.57623,2052.62083799518,637.94534,1148.06567247704,4699.43964,6133.8923625551,15772.73905,21947.6093189692,7149.55465,7479.0112910165
"Asia","Laos","Laos","LAO",711.71985,374.184037674885,13.28645,8.67768180481258,180.52465,252.591723580403,123.12765,194.551858836574,4106.9475,3183.68578597244,8602.4135,7448.08241323225,6753.9326,5843.70871017984
"Asia","Malaysia","Malaysia","MYS",265.866000666001,335.926495013343,7.89208569208569,7.45103369534358,484.018174152317,862.502270137532,330.828621516066,658.477207346878,4008.90302680632,3680.05036697992,9630.82089916563,13566.8412567057,13577.2080374578,12370.5521609491
"Asia","Myanmar","Myanmar","MMR",715.188653298794,652.427493196891,13.8962870574691,9.79172361963125,181.914252829465,283.059608478123,135.790491719419,234.073856016452,5248.07599590767,5169.59004144522,15910.8996738922,13640.3742904986,15760.7016113562,10796.7946871078
"Asia","New Caledonia","New Caledonia","NCL",255.50873835306,253.492786761592,12.1795517501889,9.61790124079866,536.5385,2882.87422100002,157.23165,309.576773639781,22274.31685,44134.365729661,4712.9356,7151.23546816134,11215.6779,8572.92579642371
"Asia","Papua New Guinea","Papua New Guinea","PNG",580.84227762651,779.18019822879,8.37941202303725,9.14754291588208,1145.30715359559,3089.91883042063,731.359057880231,1312.13177015491,5778.5291155099,7838.42660878866,34556.7258707091,42390.1272920702,18746.7031445753,16025.9678291425
"Asia","Philippines","Philippines","PHL",362.444851076165,396.401591138993,10.0483368360026,8.49230230356133,329.011141658226,586.379916913111,198.332115468094,386.280390325943,2034.73856894805,5705.97645963806,3562.18958906092,5192.11834542535,4394.50459412531,4523.28651545868
"Asia","Singapore","Singapore","SGP",24.5399989931028,18.7021526860987,2.50586517645874,2.15059672946074,178.13105,190.541768345347,65.59115,70.5002198984357,1033.6943,1193.87628382365,670.781,987.767393448568,8829.55485,4124.53709546951
"Asia","Solomon Isl.","Solomon Isl.","SLB",163.123582995951,214.389519205476,8.20885627530364,7.89453948879604,2248.7066,5369.86635643297,849.86745,1228.08599114255,9751.08845,25381.9873100732,44117.461,76583.4924304482,26069.7289,24456.7905965566
"Asia","Sri Lanka","Sri Lanka","LKA",192.83624268494,320.196944279888,5.45500925323863,7.25884049606432,135.0302,184.740724651408,87.5778,137.11910308043,3337.18265,3036.09036244368,2469.4301,3327.01891100061,3968.7918,3961.4552701811
"Asia","Thailand","Thailand","THA",505.57603801901,370.267458455433,11.9662331165583,8.21658335933126,219.88225,364.615523954964,133.59725,256.323068837392,6915.3834,5621.43943630733,6296.75695,6682.40095448504,8816.174,6827.18590859334
"Asia","Timor-Leste","Timor-Leste","TLS",557.294869225373,466.446485334217,12.9137689147209,9.69065703695051,98.9562,125.317407825869,71.33935,88.2397960370361,4419.8214,3184.83709520098,3953.19475,2787.02203759036,7475.3233,4331.15736700758
"Asia","Vanuatu","Vanuatu","VUT",306.446511160265,364.203820144168,9.08214357530666,8.15373678310293,9423.5506,10137.8356623904,592.7972,837.964780238887,5160.64975,12369.7811689408,20147.67745,24924.9027824192,6188.11445,6221.60356593843
"Asia","Vietnam","Vietnam","VNM",562.495598239296,442.856434299269,14.5256102440976,9.10846739347335,199.46005,338.467303014276,134.83745,231.892352031377,4464.36695,3699.93917380978,3584.3304,3386.5451181887,7828.0359,4724.78823193199
