area_cont,area_ctry,area_name,area_code,proj,for2000,for2005,for2010,for2015,for2020,d_se,d_mean,d_min,d_max,andef,pdef,for2030,for2035,for2040,for2050,for2055,for2060,for2070,for2080,for2085,for2090,for2100,yrdis,id_cont,id_d
America,Antigua and B.,Antigua and B.,ATG,low,4088,3896,3610,3384,3081,16,55,23,87,23,0.7,2851,2736,2621,2391,2276,2161,1931,1701,1586,1471,1241,2153,1,1
America,Antigua and B.,Antigua and B.,ATG,mean,4088,3896,3610,3384,3081,16,55,23,87,55,1.6,2531,2256,1981,1431,1156,881,331,0,0,0,0,2076,1,2
America,Antigua and B.,Antigua and B.,ATG,high,4088,3896,3610,3384,3081,16,55,23,87,87,2.7,2211,1776,1341,471,36,0,0,0,0,0,0,2055,1,3
America,Bahamas,Bahamas,BHS,low,161577,134184,122111,112708,103203,525,2044,1015,3073,1015,0.9,93053,87978,82903,72753,67678,62603,52453,42303,37228,32153,22003,2121,1,1
America,Bahamas,Bahamas,BHS,mean,161577,134184,122111,112708,103203,525,2044,1015,3073,2044,1.8,82763,72543,62323,41883,31663,21443,1003,0,0,0,0,2070,1,2
America,Bahamas,Bahamas,BHS,high,161577,134184,122111,112708,103203,525,2044,1015,3073,3073,2.9,72473,57108,41743,11013,0,0,0,0,0,0,0,2053,1,3
America,Barbados,Barbados,BRB,low,4452,4385,4110,3624,3401,27,73,21,125,21,0.5,3191,3086,2981,2771,2666,2561,2351,2141,2036,1931,1721,2181,1,1
America,Barbados,Barbados,BRB,mean,4452,4385,4110,3624,3401,27,73,21,125,73,1.9,2671,2306,1941,1211,846,481,0,0,0,0,0,2066,1,2
America,Barbados,Barbados,BRB,high,4452,4385,4110,3624,3401,27,73,21,125,125,3.6,2151,1526,901,0,0,0,0,0,0,0,0,2047,1,3
America,Belize,Belize,BLZ,low,1430522,1380205,1337190,1262609,1205720,2486,12731,7859,17604,7859,0.6,1127130,1087835,1048540,969950,930655,891360,812770,734180,694885,655590,577000,2173,1,1
America,Belize,Belize,BLZ,mean,1430522,1380205,1337190,1262609,1205720,2486,12731,7859,17604,12731,1,1078410,1014755,951100,823790,760135,696480,569170,441860,378205,314550,187240,2114,1,2
America,Belize,Belize,BLZ,high,1430522,1380205,1337190,1262609,1205720,2486,12731,7859,17604,17604,1.4,1029680,941660,853640,677600,589580,501560,325520,149480,61460,0,0,2088,1,3
America,Bolivia,Bolivia,BOL,low,32808890,31629721,30657194,29421550,28671417,38771,203521,127529,279512,127529,0.4,27396127,26758482,26120837,24845547,24207902,23570257,22294967,21019677,20382032,19744387,18469097,2244,1,1
America,Bolivia,Bolivia,BOL,mean,32808890,31629721,30657194,29421550,28671417,38771,203521,127529,279512,203521,0.7,26636207,25618602,24600997,22565787,21548182,20530577,18495367,16460157,15442552,14424947,12389737,2160,1,2
America,Bolivia,Bolivia,BOL,high,32808890,31629721,30657194,29421550,28671417,38771,203521,127529,279512,279512,1,25876297,24478737,23081177,20286057,18888497,17490937,14695817,11900697,10503137,9105577,6310457,2122,1,3
America,Brazil,Brazil – Acre,AC,low,13907003,13553719,13292238,13062928,12823900,3499,48076,41218,54935,41218,0.3,12411720,12205630,11999540,11587360,11379090,11158036,10710849,10228135,9979118,9725244,9211936,2186,1,1
America,Brazil,Brazil – Acre,AC,mean,13907003,13553719,13292238,13062928,12823900,3499,48076,41218,54935,48076,0.4,12343140,12102760,11862380,11339864,11061773,10753978,10121623,9464461,9119267,8731651,7887850,2145,1,2
America,Brazil,Brazil – Acre,AC,high,13907003,13553719,13292238,13062928,12823900,3499,48076,41218,54935,54935,0.4,12274550,11999627,11699028,11016877,10640907,10249324,9388458,8371825,7805960,7113219,5118996,2119,1,3
America,Brazil,Brazil – Alagoas,AL,low,115984,105638,100121,93780,88761,238,1198,732,1664,732,0.8,81441,77781,74121,66801,60960,42336,9,0,0,0,0,2071,1,1
America,Brazil,Brazil – Alagoas,AL,mean,115984,105638,100121,93780,88761,238,1198,732,1664,1198,1.3,76781,70791,64801,11065,0,0,0,0,0,0,0,2052,1,2
America,Brazil,Brazil – Alagoas,AL,high,115984,105638,100121,93780,88761,238,1198,732,1664,1664,1.8,72121,63553,29308,0,0,0,0,0,0,0,0,2044,1,3
America,Brazil,Brazil – Amapa,AP,low,11752956,11661118,11589265,11516999,11456940,1616,14933,11766,18101,11766,0.1,11339280,11280450,11221620,11103960,11042950,10969156,10816489,10628295,10526538,10419924,10201136,2207,1,1
America,Brazil,Brazil – Amapa,AP,mean,11752956,11661118,11589265,11516999,11456940,1616,14933,11766,18101,14933,0.1,11307610,11232945,11158280,10967194,10854818,10712738,10411813,10086081,9906602,9684700,9172330,2156,1,2
America,Brazil,Brazil – Amapa,AP,high,11752956,11661118,11589265,11516999,11456940,1616,14933,11766,18101,18101,0.2,11275930,11185177,11068748,10754937,10563137,10355724,9863198,9214905,8833210,8324639,6698756,2125,1,3
America,Brazil,Brazil – Amazonas,AM,low,148268193,147609600,146955646,146340118,145361330,23691,164092,117657,210526,117657,0.1,144184760,143596475,143008190,141831620,141241154,140637905,139426329,138179225,137548013,136911944,135634246,2312,1,1
America,Brazil,Brazil – Amazonas,AM,mean,148268193,147609600,146955646,146340118,145361330,23691,164092,117657,210526,164092,0.1,143720410,142899950,142079490,140396814,139538643,138650768,136858253,135040931,134115657,133147960,131144000,2237,1,2
America,Brazil,Brazil – Amazonas,AM,high,148268193,147609600,146955646,146340118,145361330,23691,164092,117657,210526,210526,0.1,143256070,142203192,141124637,138886577,137732652,136563114,134146338,131573795,130229975,128759279,125209146,2193,1,3
America,Brazil,Brazil – Bahia,BA,low,2603630,2283615,2127338,2033995,1912131,3905,21707,14054,29361,14054,0.7,1771591,1701321,1631051,1490511,1418061,1332827,1157280,946206,833009,714955,473287,2119,1,1
America,Brazil,Brazil – Bahia,BA,mean,2603630,2283615,2127338,2033995,1912131,3905,21707,14054,29361,21707,1.1,1695061,1586526,1477991,1219165,1072919,896969,528304,134832,0,0,0,2084,1,2
America,Brazil,Brazil – Bahia,BA,high,2603630,2283615,2127338,2033995,1912131,3905,21707,14054,29361,29361,1.5,1618521,1471468,1298739,872328,624228,360515,0,0,0,0,0,2067,1,3
America,Brazil,Brazil – Ceara,CE,low,61559,56001,51770,44331,41085,282,1085,532,1637,532,1.1,35765,33105,30445,25125,20284,2660,0,0,0,0,0,2061,1,1
America,Brazil,Brazil – Ceara,CE,mean,61559,56001,51770,44331,41085,282,1085,532,1637,1085,2.3,30235,24810,19385,0,0,0,0,0,0,0,0,2045,1,2
America,Brazil,Brazil – Ceara,CE,high,61559,56001,51770,44331,41085,282,1085,532,1637,1637,3.7,24715,16282,0,0,0,0,0,0,0,0,0,2038,1,3
America,Brazil,Brazil – Espirito Santo,ES,low,514391,446810,427797,408682,384976,1410,4323,1559,7086,1559,0.4,369386,361591,353796,338206,328231,305472,254875,168751,118029,62451,0,2096,1,1
America,Brazil,Brazil – Espirito Santo,ES,mean,514391,446810,427797,408682,384976,1410,4323,1559,7086,4323,1.1,341746,320131,298516,213531,154205,65174,0,0,0,0,0,2064,1,2
America,Brazil,Brazil – Espirito Santo,ES,high,514391,446810,427797,408682,384976,1410,4323,1559,7086,7086,1.8,314116,278439,217084,13423,0,0,0,0,0,0,0,2051,1,3
America,Brazil,Brazil – Goias,GO,low,667396,566579,492122,417649,348116,2315,15305,10769,19842,10769,2.4,240426,186581,132736,25046,0,0,0,0,0,0,0,2053,1,1
America,Brazil,Brazil – Goias,GO,mean,667396,566579,492122,417649,348116,2315,15305,10769,19842,15305,3.7,195066,118541,42016,0,0,0,0,0,0,0,0,2043,1,2
America,Brazil,Brazil – Goias,GO,high,667396,566579,492122,417649,348116,2315,15305,10769,19842,19842,5,149696,50238,0,0,0,0,0,0,0,0,0,2038,1,3
America,Brazil,Brazil – Maranhao,MA,low,5820307,4907469,4139310,3637882,3269004,17302,94119,60207,128031,60207,1.6,2666934,2365899,2064864,1462794,1159578,843579,206503,0,0,0,0,2074,1,1
America,Brazil,Brazil – Maranhao,MA,mean,5820307,4907469,4139310,3637882,3269004,17302,94119,60207,128031,94119,2.5,2327814,1857219,1386624,403678,0,0,0,0,0,0,0,2055,1,2
America,Brazil,Brazil – Maranhao,MA,high,5820307,4907469,4139310,3637882,3269004,17302,94119,60207,128031,128031,3.6,1988694,1348291,682211,0,0,0,0,0,0,0,0,2046,1,3
America,Brazil,Brazil – Mato Grosso,MT,low,40560419,35759262,33453901,31909819,30421852,33778,304750,238546,370955,238546,0.7,28036392,26843662,25650932,23265472,22070562,20862868,18442401,15986407,14750750,13510237,11023648,2143,1,1
America,Brazil,Brazil – Mato Grosso,MT,mean,40560419,35759262,33453901,31909819,30421852,33778,304750,238546,370955,304750,1,27374352,25850602,24326852,21237597,19676136,18084970,14885875,11661973,10033410,8362423,4951883,2114,1,2
America,Brazil,Brazil – Mato Grosso,MT,high,40560419,35759262,33453901,31909819,30421852,33778,304750,238546,370955,370955,1.2,26712302,24857279,22976580,19134229,17178159,15206476,11185410,7008578,4862613,2589772,0,2096,1,3
America,Brazil,Brazil – Mato Grosso do Sul,MS,low,883347,800341,746191,699018,656525,1136,9597,7371,11824,7371,1,582815,545960,509105,435395,396359,344540,235824,91580,11797,0,0,2086,1,1
America,Brazil,Brazil – Mato Grosso do Sul,MS,mean,883347,800341,746191,699018,656525,1136,9597,7371,11824,9597,1.4,560555,512570,464585,326859,241163,125762,0,0,0,0,0,2066,1,2
America,Brazil,Brazil – Mato Grosso do Sul,MS,high,883347,800341,746191,699018,656525,1136,9597,7371,11824,11824,1.7,538285,478917,393872,142832,0,0,0,0,0,0,0,2055,1,3
America,Brazil,Brazil – Minas Gerais,MG,low,1898241,1521840,1304244,1057802,927416,7013,40575,26830,54321,26830,2.3,659116,524966,390816,122516,0,0,0,0,0,0,0,2055,1,1
America,Brazil,Brazil – Minas Gerais,MG,mean,1898241,1521840,1304244,1057802,927416,7013,40575,26830,54321,40575,3.7,521666,318791,115916,0,0,0,0,0,0,0,0,2043,1,2
America,Brazil,Brazil – Minas Gerais,MG,high,1898241,1521840,1304244,1057802,927416,7013,40575,26830,54321,54321,5.2,384206,112353,0,0,0,0,0,0,0,0,0,2037,1,3
America,Brazil,Brazil – Para,PA,low,100601674,96196634,92329386,90205419,87854103,41054,480633,400167,561099,400167,0.4,83852433,81851598,79850763,75849093,73846077,71830278,67793602,63721398,61677635,59629017,55526219,2214,1,1
America,Brazil,Brazil – Para,PA,mean,100601674,96196634,92329386,90205419,87854103,41054,480633,400167,561099,480633,0.5,83047773,80644608,78241443,73393357,70952481,68481900,63523976,58541243,56033265,53482863,48313493,2170,1,2
America,Brazil,Brazil – Para,PA,high,100601674,96196634,92329386,90205419,87854103,41054,480633,400167,561099,561099,0.6,82243113,79437370,76605950,70862160,67955370,65032967,59110461,53032188,49935503,46711942,39656078,2142,1,3
America,Brazil,Brazil – Paraiba,PB,low,47775,43755,41571,39517,38201,97,343,153,532,153,0.4,36671,35906,35141,33611,30666,14937,0,0,0,0,0,2065,1,1
America,Brazil,Brazil – Paraiba,PB,mean,47775,43755,41571,39517,38201,97,343,153,532,343,0.9,34771,33056,31341,0,0,0,0,0,0,0,0,2048,1,2
America,Brazil,Brazil – Paraiba,PB,high,47775,43755,41571,39517,38201,97,343,153,532,532,1.4,32881,29973,1389,0,0,0,0,0,0,0,0,2041,1,3
America,Brazil,Brazil – Parana,PR,low,3260607,2935439,2701910,2544051,2454955,3499,26608,19749,33466,19749,0.8,2257465,2158720,2059975,1862485,1761559,1647850,1415354,1147330,1005658,859129,560511,2119,1,1
America,Brazil,Brazil – Parana,PR,mean,3260607,2935439,2701910,2544051,2454955,3499,26608,19749,33466,26608,1,2188875,2055835,1922795,1614959,1444208,1243753,826078,383596,145742,0,0,2088,1,2
America,Brazil,Brazil – Parana,PR,high,3260607,2935439,2701910,2544051,2454955,3499,26608,19749,33466,33466,1.3,2120295,1952717,1759462,1292002,1023377,739139,92963,0,0,0,0,2072,1,3
America,Brazil,Brazil – Pernambouco,PE,low,143678,129041,121245,113410,109602,281,1234,683,1784,683,0.6,102772,99357,95942,89112,83516,65137,23300,0,0,0,0,2075,1,1
America,Brazil,Brazil – Pernambouco,PE,mean,143678,129041,121245,113410,109602,281,1234,683,1784,1234,1.1,97262,91092,84922,30826,0,0,0,0,0,0,0,2055,1,2
America,Brazil,Brazil – Pernambouco,PE,high,143678,129041,121245,113410,109602,281,1234,683,1784,1784,1.6,91762,82594,47749,0,0,0,0,0,0,0,0,2045,1,3
America,Brazil,Brazil – Piaui,PI,low,111186,93858,80078,65248,54000,653,2689,1408,3969,1408,1.9,39920,32880,25840,11760,2539,0,0,0,0,0,0,2056,1,1
America,Brazil,Brazil – Piaui,PI,mean,111186,93858,80078,65248,54000,653,2689,1408,3969,2689,4,27110,13665,220,0,0,0,0,0,0,0,0,2041,1,2
America,Brazil,Brazil – Piaui,PI,high,111186,93858,80078,65248,54000,653,2689,1408,3969,3969,6.6,14310,0,0,0,0,0,0,0,0,0,0,2034,1,3
America,Brazil,Brazil – Rio de Janeiro,RJ,low,837693,782969,747498,704782,690662,1641,5789,2573,9005,2573,0.3,664932,652067,639202,613472,598426,570597,509860,413597,357804,297156,170297,2113,1,1
America,Brazil,Brazil – Rio de Janeiro,RJ,mean,837693,782969,747498,704782,690662,1641,5789,2573,9005,5789,0.8,632772,603827,574882,475236,408580,312219,102734,0,0,0,0,2075,1,2
America,Brazil,Brazil – Rio de Janeiro,RJ,high,837693,782969,747498,704782,690662,1641,5789,2573,9005,9005,1.3,600612,555339,484389,261539,115219,0,0,0,0,0,0,2059,1,3
America,Brazil,Brazil – Rio Grande do Norte,RN,low,32473,28177,25817,23795,22471,76,335,185,484,185,0.7,20621,19696,18771,16921,13816,0,0,0,0,0,0,2060,1,1
America,Brazil,Brazil – Rio Grande do Norte,RN,mean,32473,28177,25817,23795,22471,76,335,185,484,335,1.4,19121,17446,15771,0,0,0,0,0,0,0,0,2045,1,2
America,Brazil,Brazil – Rio Grande do Norte,RN,high,32473,28177,25817,23795,22471,76,335,185,484,484,2.1,17631,14963,0,0,0,0,0,0,0,0,0,2039,1,3
America,Brazil,Brazil – Rio Grande do Sul,RS,low,2586357,2414614,2228174,2127259,2063991,6504,23904,11155,36653,11155,0.5,1952441,1896666,1840891,1729341,1671385,1600646,1454089,1272006,1173303,1069745,857066,2133,1,1
America,Brazil,Brazil – Rio Grande do Sul,RS,mean,2586357,2414614,2228174,2127259,2063991,6504,23904,11155,36653,23904,1.1,1824951,1705431,1585911,1305115,1147884,960948,570313,154871,0,0,0,2084,1,2
America,Brazil,Brazil – Rio Grande do Sul,RS,high,2586357,2414614,2228174,2127259,2063991,6504,23904,11155,36653,36653,1.8,1697461,1513948,1304758,805428,520868,220695,0,0,0,0,0,2064,1,3
America,Brazil,Brazil – Rondonia,RO,low,16553658,14786157,13841285,13213886,12506829,13805,134722,107664,161781,107664,0.8,11430189,10891869,10353549,9276909,8736408,8183124,7071478,5924304,5343056,4756953,3579185,2130,1,1
America,Brazil,Brazil – Rondonia,RO,mean,16553658,14786157,13841285,13213886,12506829,13805,134722,107664,161781,134722,1,11159609,10485999,9812389,8423413,7712092,6971066,5472252,3948629,3170206,2349359,639099,2104,1,2
America,Brazil,Brazil – Rondonia,RO,high,16553658,14786157,13841285,13213886,12506829,13805,134722,107664,161781,161781,1.2,10889019,10079866,9245036,7494426,6584226,5658413,3729087,1643994,543899,0,0,2088,1,3
America,Brazil,Brazil – Roraima,RR,low,16747771,16439654,16250552,16095866,15523023,21985,60430,17340,103521,17340,0.1,15349623,15262923,15176223,15002823,14913943,14812279,14603872,14359938,14230311,14095828,13821299,2217,1,1
America,Brazil,Brazil – Roraima,RR,mean,16747771,16439654,16250552,16095866,15523023,21985,60430,17340,103521,60430,0.4,14918723,14616573,14314423,13668368,13328507,12958941,12203046,11422344,11015381,10565994,9598654,2150,1,2
America,Brazil,Brazil – Roraima,RR,high,16747771,16439654,16250552,16095866,15523023,21985,60430,17340,103521,103521,0.7,14487813,13969960,13426431,12258420,11639520,11005007,9658281,8155789,7346994,6411323,3931239,2114,1,3
America,Brazil,Brazil – Santa Catarina,SC,low,2997828,2705430,2510129,2409351,2339719,2293,19692,15197,24187,15197,0.6,2187749,2111764,2035779,1883809,1805643,1714694,1527718,1305214,1186301,1062533,809435,2129,1,1
America,Brazil,Brazil – Santa Catarina,SC,mean,2997828,2705430,2510129,2409351,2339719,2293,19692,15197,24187,19692,0.8,2142799,2044339,1945879,1707203,1571032,1405156,1056641,683319,480046,234349,0,2095,1,2
America,Brazil,Brazil – Santa Catarina,SC,high,2997828,2705430,2510129,2409351,2339719,2293,19692,15197,24187,24187,1,2097849,1976666,1829806,1455136,1232906,995063,441677,0,0,0,0,2077,1,3
America,Brazil,Brazil – Sao Paulo,SP,low,3071447,2881552,2795470,2688417,2644314,2832,15838,10288,21388,10288,0.4,2541434,2489994,2438554,2335674,2282054,2215650,2077763,1904349,1809982,1710759,1506750,2144,1,1
America,Brazil,Brazil – Sao Paulo,SP,mean,3071447,2881552,2795470,2688417,2644314,2832,15838,10288,21388,15838,0.6,2485934,2406744,2327554,2127419,2010518,1863912,1553937,1219155,1035152,808725,287305,2105,1,2
America,Brazil,Brazil – Sao Paulo,SP,high,3071447,2881552,2795470,2688417,2644314,2832,15838,10288,21388,21388,0.8,2430434,2323246,2190382,1843701,1635466,1411618,886222,205060,0,0,0,2083,1,3
America,Brazil,Brazil – Sergipe,SE,low,75640,68152,62689,58368,55226,224,794,355,1232,355,0.6,51676,49901,48126,44576,40621,23881,0,0,0,0,0,2067,1,1
America,Brazil,Brazil – Sergipe,SE,mean,75640,68152,62689,58368,55226,224,794,355,1232,794,1.3,47286,43316,39346,0,0,0,0,0,0,0,0,2049,1,2
America,Brazil,Brazil – Sergipe,SE,high,75640,68152,62689,58368,55226,224,794,355,1232,1232,2.2,42906,36498,4413,0,0,0,0,0,0,0,0,2041,1,3
America,Brazil,Brazil – Tocantins,TO,low,1770972,1581455,1368198,1157649,932765,9001,44570,26928,62212,26928,2.2,663485,528845,394205,124925,0,0,0,0,0,0,0,2055,1,1
America,Brazil,Brazil – Tocantins,TO,mean,1770972,1581455,1368198,1157649,932765,9001,44570,26928,62212,44570,3.9,487065,264215,41365,0,0,0,0,0,0,0,0,2041,1,2
America,Brazil,Brazil – Tocantins,TO,high,1770972,1581455,1368198,1157649,932765,9001,44570,26928,62212,62212,5.9,310645,0,0,0,0,0,0,0,0,0,0,2035,1,3
America,Colombia,Colombia,COL,low,70287967,68461978,67016728,65435709,64205391,18216,295615,259912,331318,259912,0.4,61606271,60306711,59007151,56408031,55108471,53808911,51209791,48610671,47311111,46011551,43412431,2267,1,1
America,Colombia,Colombia,COL,mean,70287967,68461978,67016728,65435709,64205391,18216,295615,259912,331318,295615,0.5,61249241,59771166,58293091,55336941,53858866,52380791,49424641,46468491,44990416,43512341,40556191,2237,1,2
America,Colombia,Colombia,COL,high,70287967,68461978,67016728,65435709,64205391,18216,295615,259912,331318,331318,0.5,60892211,59235621,57579031,54265851,52609261,50952671,47639491,44326311,42669721,41013131,37699951,2213,1,3
America,Costa Rica,Costa Rica,CRI,low,2432831,2356545,2289463,2178989,2117271,2034,18621,14634,22608,14634,0.7,1970931,1897761,1824591,1678251,1605081,1531911,1385571,1239231,1166061,1092891,946551,2164,1,1
America,Costa Rica,Costa Rica,CRI,mean,2432831,2356545,2289463,2178989,2117271,2034,18621,14634,22608,18621,0.8,1931061,1837956,1744851,1558641,1465536,1372431,1186221,1000011,906906,813801,627591,2133,1,2
America,Costa Rica,Costa Rica,CRI,high,2432831,2356545,2289463,2178989,2117271,2034,18621,14634,22608,22608,1,1891191,1778151,1665111,1439031,1325991,1212951,986871,760791,647751,534711,308631,2113,1,3
America,Cuba,Cuba,CUB,low,1566658,1446283,1334451,1273577,1203791,2560,15252,10233,20270,10233,0.8,1101461,1050296,999131,896801,845636,794471,692141,589811,538646,487481,385151,2137,1,1
America,Cuba,Cuba,CUB,mean,1566658,1446283,1334451,1273577,1203791,2560,15252,10233,20270,15252,1.2,1051271,975011,898751,746231,669971,593711,441191,288671,212411,136151,0,2098,1,2
America,Cuba,Cuba,CUB,high,1566658,1446283,1334451,1273577,1203791,2560,15252,10233,20270,20270,1.6,1001091,899741,798391,595691,494341,392991,190291,0,0,0,0,2079,1,3
America,Dominica,Dominica,DMA,low,70674,70565,70000,69111,67462,65,219,93,346,93,0.1,66532,66067,65602,64672,64207,63742,62812,61882,61417,60952,60022,2745,1,1
America,Dominica,Dominica,DMA,mean,70674,70565,70000,69111,67462,65,219,93,346,219,0.3,65272,64177,63082,60892,59797,58702,56512,54322,53227,52132,49942,2328,1,2
America,Dominica,Dominica,DMA,high,70674,70565,70000,69111,67462,65,219,93,346,346,0.5,64002,62272,60542,57082,55352,53622,50162,46702,44972,43242,39782,2214,1,3
America,Dominican Rep.,Dominican Rep.,DOM,low,1266155,1142089,1017578,911636,866469,2999,15486,9608,21364,9608,1,770389,722349,674309,578229,530189,482149,386069,289989,241949,193909,97829,2110,1,1
America,Dominican Rep.,Dominican Rep.,DOM,mean,1266155,1142089,1017578,911636,866469,2999,15486,9608,21364,15486,1.6,711609,634179,556749,401889,324459,247029,92169,0,0,0,0,2075,1,2
America,Dominican Rep.,Dominican Rep.,DOM,high,1266155,1142089,1017578,911636,866469,2999,15486,9608,21364,21364,2.3,652829,546009,439189,225549,118729,11909,0,0,0,0,0,2060,1,3
America,Ecuador,Ecuador,ECU,low,15470923,15222933,14952476,14651806,14380353,8973,60821,43234,78408,43234,0.3,13948013,13731843,13515673,13083333,12867163,12650993,12218653,11786313,11570143,11353973,10921633,2352,1,1
America,Ecuador,Ecuador,ECU,mean,15470923,15222933,14952476,14651806,14380353,8973,60821,43234,78408,60821,0.4,13772143,13468038,13163933,12555723,12251618,11947513,11339303,10731093,10426988,10122883,9514673,2256,1,2
America,Ecuador,Ecuador,ECU,high,15470923,15222933,14952476,14651806,14380353,8973,60821,43234,78408,78408,0.5,13596273,13204233,12812193,12028113,11636073,11244033,10459953,9675873,9283833,8891793,8107713,2203,1,3
America,El Salvador,El Salvador,SLV,low,132516,119075,110921,103620,96781,236,1618,1156,2079,1156,1.1,85221,79441,73661,62101,56321,50541,38981,27421,21641,15861,4301,2103,1,1
America,El Salvador,El Salvador,SLV,mean,132516,119075,110921,103620,96781,236,1618,1156,2079,1618,1.6,80601,72511,64421,48241,40151,32061,15881,0,0,0,0,2079,1,2
America,El Salvador,El Salvador,SLV,high,132516,119075,110921,103620,96781,236,1618,1156,2079,2079,2.1,75991,65596,55201,34411,24016,13621,0,0,0,0,0,2066,1,3
America,French Guiana,French Guiana,GUF,low,8120655,8109002,8092691,8078458,8065771,241,2940,2468,3411,2468,0,8041091,8028751,8016411,7991731,7979391,7967051,7942371,7917691,7905351,7893011,7868331,5288,1,1
America,French Guiana,French Guiana,GUF,mean,8120655,8109002,8092691,8078458,8065771,241,2940,2468,3411,2940,0,8036371,8021671,8006971,7977571,7962871,7948171,7918771,7889371,7874671,7859971,7830571,4763,1,2
America,French Guiana,French Guiana,GUF,high,8120655,8109002,8092691,8078458,8065771,241,2940,2468,3411,3411,0,8031661,8014606,7997551,7963441,7946386,7929331,7895221,7861111,7844056,7827001,7792891,4384,1,3
America,Grenada,Grenada,GRD,low,25702,24494,22191,19717,19141,120,292,56,528,56,0.3,18581,18301,18021,17461,17181,16901,16341,15781,15501,15221,14661,2361,1,1
America,Grenada,Grenada,GRD,mean,25702,24494,22191,19717,19141,120,292,56,528,292,1.4,16221,14761,13301,10381,8921,7461,4541,1621,161,0,0,2085,1,2
America,Grenada,Grenada,GRD,high,25702,24494,22191,19717,19141,120,292,56,528,528,2.7,13861,11221,8581,3301,661,0,0,0,0,0,0,2056,1,3
America,Guadeloupe,Guadeloupe,GLP,low,80041,79361,77548,75391,72939,78,376,223,529,223,0.3,70709,69594,68479,66249,65134,64019,61789,59559,58444,57329,55099,2347,1,1
America,Guadeloupe,Guadeloupe,GLP,mean,80041,79361,77548,75391,72939,78,376,223,529,376,0.5,69179,67299,65419,61659,59779,57899,54139,50379,48499,46619,42859,2213,1,2
America,Guadeloupe,Guadeloupe,GLP,high,80041,79361,77548,75391,72939,78,376,223,529,529,0.7,67649,65004,62359,57069,54424,51779,46489,41199,38554,35909,30619,2157,1,3
America,Guatemala,Guatemala,GTM,low,3503631,3041953,2727576,2501803,2281565,4817,48867,39425,58309,39425,1.5,1887315,1690190,1493065,1098815,901690,704565,310315,0,0,0,0,2077,1,1
America,Guatemala,Guatemala,GTM,mean,3503631,3041953,2727576,2501803,2281565,4817,48867,39425,58309,48867,2,1792895,1548560,1304225,815555,571220,326885,0,0,0,0,0,2066,1,2
America,Guatemala,Guatemala,GTM,high,3503631,3041953,2727576,2501803,2281565,4817,48867,39425,58309,58309,2.4,1698475,1406930,1115385,532295,240750,0,0,0,0,0,0,2059,1,3
America,Guyana,Guyana,GUY,low,18629589,18560054,18503776,18443678,18361596,1961,15128,11284,18972,11284,0.1,18248756,18192336,18135916,18023076,17966656,17910236,17797396,17684556,17628136,17571716,17458876,3647,1,1
America,Guyana,Guyana,GUY,mean,18629589,18560054,18503776,18443678,18361596,1961,15128,11284,18972,15128,0.1,18210316,18134676,18059036,17907756,17832116,17756476,17605196,17453916,17378276,17302636,17151356,3233,1,2
America,Guyana,Guyana,GUY,high,18629589,18560054,18503776,18443678,18361596,1961,15128,11284,18972,18972,0.1,18171876,18077016,17982156,17792436,17697576,17602716,17412996,17223276,17128416,17033556,16843836,2987,1,3
America,Haiti,Haiti,HTI,low,256246,199991,167635,139270,121983,557,4840,3747,5932,3747,2.5,84513,65778,47043,9573,0,0,0,0,0,0,0,2052,1,1
America,Haiti,Haiti,HTI,mean,256246,199991,167635,139270,121983,557,4840,3747,5932,4840,3.3,73583,49383,25183,0,0,0,0,0,0,0,0,2045,1,2
America,Haiti,Haiti,HTI,high,256246,199991,167635,139270,121983,557,4840,3747,5932,5932,4.3,62663,33003,3343,0,0,0,0,0,0,0,0,2040,1,3
America,Honduras,Honduras,HND,low,3434964,3199796,3018384,2778623,2571484,5513,46107,35302,56912,35302,1.2,2218464,2041954,1865444,1512424,1335914,1159404,806384,453364,276854,100344,0,2092,1,1
America,Honduras,Honduras,HND,mean,3434964,3199796,3018384,2778623,2571484,5513,46107,35302,56912,46107,1.6,2110414,1879879,1649344,1188274,957739,727204,266134,0,0,0,0,2075,1,2
America,Honduras,Honduras,HND,high,3434964,3199796,3018384,2778623,2571484,5513,46107,35302,56912,56912,2.1,2002364,1717804,1433244,864124,579564,295004,0,0,0,0,0,2065,1,3
America,Jamaica,Jamaica,JAM,low,482132,448766,426769,405883,395296,700,3295,1924,4667,1924,0.5,376056,366436,356816,337576,327956,318336,299096,279856,270236,260616,241376,2225,1,1
America,Jamaica,Jamaica,JAM,mean,482132,448766,426769,405883,395296,700,3295,1924,4667,3295,0.8,362346,345871,329396,296446,279971,263496,230546,197596,181121,164646,131696,2139,1,2
America,Jamaica,Jamaica,JAM,high,482132,448766,426769,405883,395296,700,3295,1924,4667,4667,1.2,348626,325291,301956,255286,231951,208616,161946,115276,91941,68606,21936,2104,1,3
America,Martinique,Martinique,MTQ,low,72811,72502,70609,67890,65994,91,428,250,605,250,0.4,63494,62244,60994,58494,57244,55994,53494,50994,49744,48494,45994,2283,1,1
America,Martinique,Martinique,MTQ,mean,72811,72502,70609,67890,65994,91,428,250,605,428,0.6,61714,59574,57434,53154,51014,48874,44594,40314,38174,36034,31754,2174,1,2
America,Martinique,Martinique,MTQ,high,72811,72502,70609,67890,65994,91,428,250,605,605,0.9,59944,56919,53894,47844,44819,41794,35744,29694,26669,23644,17594,2129,1,3
America,Mexico,Mexico,MEX,low,9349925,8349575,7512429,6919623,6269836,20022,134606,95362,173849,95362,1.3,5316216,4839406,4362596,3408976,2932166,2455356,1501736,548116,71306,0,0,2085,1,1
America,Mexico,Mexico,MEX,mean,9349925,8349575,7512429,6919623,6269836,20022,134606,95362,173849,134606,2,4923776,4250746,3577716,2231656,1558626,885596,0,0,0,0,0,2066,1,2
America,Mexico,Mexico,MEX,high,9349925,8349575,7512429,6919623,6269836,20022,134606,95362,173849,173849,2.6,4531346,3662101,2792856,1054366,185121,0,0,0,0,0,0,2056,1,3
America,Montserrat,Montserrat,MSR,low,3418,3416,3396,3320,3287,3,11,4,17,4,0.1,3247,3227,3207,3167,3147,3127,3087,3047,3027,3007,2967,2841,1,1
America,Montserrat,Montserrat,MSR,mean,3418,3416,3396,3320,3287,3,11,4,17,11,0.3,3177,3122,3067,2957,2902,2847,2737,2627,2572,2517,2407,2318,1,2
America,Montserrat,Montserrat,MSR,high,3418,3416,3396,3320,3287,3,11,4,17,17,0.5,3117,3032,2947,2777,2692,2607,2437,2267,2182,2097,1927,2213,1,3
America,Nicaragua,Nicaragua,NIC,low,4971710,4685975,4312486,3749173,3375969,19099,96471,59037,133905,59037,1.5,2785599,2490414,2195229,1604859,1309674,1014489,424119,0,0,0,0,2077,1,1
America,Nicaragua,Nicaragua,NIC,mean,4971710,4685975,4312486,3749173,3375969,19099,96471,59037,133905,96471,2.5,2411259,1928904,1446549,481839,0,0,0,0,0,0,0,2054,1,2
America,Nicaragua,Nicaragua,NIC,high,4971710,4685975,4312486,3749173,3375969,19099,96471,59037,133905,133905,3.6,2036919,1367394,697869,0,0,0,0,0,0,0,0,2045,1,3
America,Panama,Panama,PAN,low,4442894,4334780,4214421,4117072,3998243,2403,23270,18559,27981,18559,0.4,3812653,3719858,3627063,3441473,3348678,3255883,3070293,2884703,2791908,2699113,2513523,2235,1,1
America,Panama,Panama,PAN,mean,4442894,4334780,4214421,4117072,3998243,2403,23270,18559,27981,23270,0.6,3765543,3649193,3532843,3300143,3183793,3067443,2834743,2602043,2485693,2369343,2136643,2191,1,2
America,Panama,Panama,PAN,high,4442894,4334780,4214421,4117072,3998243,2403,23270,18559,27981,27981,0.7,3718433,3578528,3438623,3158813,3018908,2879003,2599193,2319383,2179478,2039573,1759763,2162,1,3
America,Paraguay,Paraguay,PRY,low,2370210,1769522,1458034,1235606,1070949,8858,40701,23340,58063,23340,1.7,837549,720849,604149,370749,254049,137349,0,0,0,0,0,2065,1,1
America,Paraguay,Paraguay,PRY,mean,2370210,1769522,1458034,1235606,1070949,8858,40701,23340,58063,40701,3.2,663939,460434,256929,0,0,0,0,0,0,0,0,2046,1,2
America,Paraguay,Paraguay,PRY,high,2370210,1769522,1458034,1235606,1070949,8858,40701,23340,58063,58063,5,490319,200004,0,0,0,0,0,0,0,0,0,2038,1,3
America,Peru,Peru,PER,low,73541440,72857996,72081208,71351409,70775079,5978,139441,127725,151158,127725,0.2,69497829,68859204,68220579,66943329,66304704,65666079,64388829,63111579,62472954,61834329,60557079,2574,1,1
America,Peru,Peru,PER,mean,73541440,72857996,72081208,71351409,70775079,5978,139441,127725,151158,139441,0.2,69380669,68683464,67986259,66591849,65894644,65197439,63803029,62408619,61711414,61014209,59619799,2527,1,2
America,Peru,Peru,PER,high,73541440,72857996,72081208,71351409,70775079,5978,139441,127725,151158,151158,0.2,69263499,68507709,67751919,66240339,65484549,64728759,63217179,61705599,60949809,60194019,58682439,2488,1,3
America,Puerto Rico,Puerto Rico,PRI,low,426377,393067,366795,344235,319918,1325,4794,2197,7390,2197,0.6,297948,286963,275978,254008,243023,232038,210068,188098,177113,166128,144158,2165,1,1
America,Puerto Rico,Puerto Rico,PRI,mean,426377,393067,366795,344235,319918,1325,4794,2197,7390,4794,1.4,271978,248008,224038,176098,152128,128158,80218,32278,8308,0,0,2086,1,2
America,Puerto Rico,Puerto Rico,PRI,high,426377,393067,366795,344235,319918,1325,4794,2197,7390,7390,2.2,246018,209068,172118,98218,61268,24318,0,0,0,0,0,2063,1,3
America,Saint Kitts and N.,Saint Kitts and N.,KNA,low,9222,9182,8987,8828,8600,10,41,20,61,20,0.2,8400,8300,8200,8000,7900,7800,7600,7400,7300,7200,7000,2450,1,1
America,Saint Kitts and N.,Saint Kitts and N.,KNA,mean,9222,9182,8987,8828,8600,10,41,20,61,41,0.5,8190,7985,7780,7370,7165,6960,6550,6140,5935,5730,5320,2229,1,2
America,Saint Kitts and N.,Saint Kitts and N.,KNA,high,9222,9182,8987,8828,8600,10,41,20,61,61,0.7,7990,7685,7380,6770,6465,6160,5550,4940,4635,4330,3720,2160,1,3
America,Saint Lucia,Saint Lucia,LCA,low,47508,47412,46884,44869,43954,76,260,111,409,111,0.2,42844,42289,41734,40624,40069,39514,38404,37294,36739,36184,35074,2415,1,1
America,Saint Lucia,Saint Lucia,LCA,mean,47508,47412,46884,44869,43954,76,260,111,409,260,0.6,41354,40054,38754,36154,34854,33554,30954,28354,27054,25754,23154,2189,1,2
America,Saint Lucia,Saint Lucia,LCA,high,47508,47412,46884,44869,43954,76,260,111,409,409,0.9,39864,37819,35774,31684,29639,27594,23504,19414,17369,15324,11234,2127,1,3
America,Saint Martin,Saint Martin,MAF,low,729,690,563,493,255,12,29,6,52,6,1.1,195,165,135,75,45,15,0,0,0,0,0,2062,1,1
America,Saint Martin,Saint Martin,MAF,mean,729,690,563,493,255,12,29,6,52,29,7,0,0,0,0,0,0,0,0,0,0,0,2028,1,2
America,Saint Martin,Saint Martin,MAF,high,729,690,563,493,255,12,29,6,52,52,22.7,0,0,0,0,0,0,0,0,0,0,0,2024,1,3
America,Saint Vincent,Saint Vincent,VCT,low,28785,28764,28543,27834,27457,30,101,43,159,43,0.2,27027,26812,26597,26167,25952,25737,25307,24877,24662,24447,24017,2658,1,1
America,Saint Vincent,Saint Vincent,VCT,mean,28785,28764,28543,27834,27457,30,101,43,159,101,0.4,26447,25942,25437,24427,23922,23417,22407,21397,20892,20387,19377,2291,1,2
America,Saint Vincent,Saint Vincent,VCT,high,28785,28764,28543,27834,27457,30,101,43,159,159,0.6,25867,25072,24277,22687,21892,21097,19507,17917,17122,16327,14737,2192,1,3
America,Sint Maarten,Sint Maarten,SXM,low,308,291,217,189,105,5,12,3,21,3,1.5,75,60,45,15,0,0,0,0,0,0,0,2055,1,1
America,Sint Maarten,Sint Maarten,SXM,mean,308,291,217,189,105,5,12,3,21,12,7.7,0,0,0,0,0,0,0,0,0,0,0,2028,1,2
America,Sint Maarten,Sint Maarten,SXM,high,308,291,217,189,105,5,12,3,21,21,29.1,0,0,0,0,0,0,0,0,0,0,0,2025,1,3
America,Suriname,Suriname,SUR,low,13827704,13781883,13740572,13683871,13626641,1215,12244,9863,14624,9863,0.1,13528011,13478696,13429381,13330751,13281436,13232121,13133491,13034861,12985546,12936231,12837601,3401,1,1
America,Suriname,Suriname,SUR,mean,13827704,13781883,13740572,13683871,13626641,1215,12244,9863,14624,12244,0.1,13504201,13442981,13381761,13259321,13198101,13136881,13014441,12892001,12830781,12769561,12647121,3132,1,2
America,Suriname,Suriname,SUR,high,13827704,13781883,13740572,13683871,13626641,1215,12244,9863,14624,14624,0.1,13480401,13407281,13334161,13187921,13114801,13041681,12895441,12749201,12676081,12602961,12456721,2951,1,3
America,Trinidad and Tobago,Trinidad and Tobago,TTO,low,348862,345103,333760,314079,306508,928,2875,1057,4693,1057,0.3,295938,290653,285368,274798,269513,264228,253658,243088,237803,232518,221948,2309,1,1
America,Trinidad and Tobago,Trinidad and Tobago,TTO,mean,348862,345103,333760,314079,306508,928,2875,1057,4693,2875,0.9,277758,263383,249008,220258,205883,191508,162758,134008,119633,105258,76508,2126,1,2
America,Trinidad and Tobago,Trinidad and Tobago,TTO,high,348862,345103,333760,314079,306508,928,2875,1057,4693,4693,1.5,259578,236113,212648,165718,142253,118788,71858,24928,1463,0,0,2085,1,3
America,Venezuela,Venezuela,VEN,low,44819033,43649334,42989517,42151553,41462787,24683,150789,102409,199168,102409,0.2,40438697,39926652,39414607,38390517,37878472,37366427,36342337,35318247,34806202,34294157,33270067,2424,1,1
America,Venezuela,Venezuela,VEN,mean,44819033,43649334,42989517,42151553,41462787,24683,150789,102409,199168,150789,0.4,39954897,39200952,38447007,36939117,36185172,35431227,33923337,32415447,31661502,30907557,29399667,2294,1,2
America,Venezuela,Venezuela,VEN,high,44819033,43649334,42989517,42151553,41462787,24683,150789,102409,199168,199168,0.5,39471107,38475267,37479427,35487747,34491907,33496067,31504387,29512707,28516867,27521027,25529347,2228,1,3
America,Virgin Isl. UK,Virgin Isl. UK,VGB,low,4040,3382,2878,2467,1853,34,106,39,173,39,1.4,1463,1268,1073,683,488,293,0,0,0,0,0,2067,1,1
America,Virgin Isl. UK,Virgin Isl. UK,VGB,mean,4040,3382,2878,2467,1853,34,106,39,173,106,4.5,793,263,0,0,0,0,0,0,0,0,0,2037,1,2
America,Virgin Isl. UK,Virgin Isl. UK,VGB,high,4040,3382,2878,2467,1853,34,106,39,173,173,8.8,123,0,0,0,0,0,0,0,0,0,0,2030,1,3
America,Virgin Isl. US,Virgin Isl. US,VIR,low,9284,8603,8185,7636,6426,59,175,60,290,60,0.8,5826,5526,5226,4626,4326,4026,3426,2826,2526,2226,1626,2127,1,1
America,Virgin Isl. US,Virgin Isl. US,VIR,mean,9284,8603,8185,7636,6426,59,175,60,290,175,2.4,4676,3801,2926,1176,301,0,0,0,0,0,0,2056,1,2
America,Virgin Isl. US,Virgin Isl. US,VIR,high,9284,8603,8185,7636,6426,59,175,60,290,290,4.3,3526,2076,626,0,0,0,0,0,0,0,0,2042,1,3
Africa,Angola,Angola,AGO,low,7172909,6553638,6113253,5615976,5262095,11558,87859,65205,110512,65205,1.1,4610045,4284020,3957995,3305945,2979920,2653895,2001845,1349795,1023770,697745,45695,2100,2,1
Africa,Angola,Angola,AGO,mean,7172909,6553638,6113253,5615976,5262095,11558,87859,65205,110512,87859,1.5,4383505,3944210,3504915,2626325,2187030,1747735,869145,0,0,0,0,2079,2,2
Africa,Angola,Angola,AGO,high,7172909,6553638,6113253,5615976,5262095,11558,87859,65205,110512,110512,2,4156975,3604415,3051855,1946735,1394175,841615,0,0,0,0,0,2067,2,3
Africa,Benin,Benin,BEN,low,75164,58665,47193,39348,32299,297,1524,941,2107,941,2.2,22889,18184,13479,4069,0,0,0,0,0,0,0,2054,2,1
Africa,Benin,Benin,BEN,mean,75164,58665,47193,39348,32299,297,1524,941,2107,1524,3.8,17059,9439,1819,0,0,0,0,0,0,0,0,2041,2,2
Africa,Benin,Benin,BEN,high,75164,58665,47193,39348,32299,297,1524,941,2107,2107,5.7,11229,694,0,0,0,0,0,0,0,0,0,2035,2,3
Africa,Burundi,Burundi,BDI,low,106984,78239,65078,57601,54976,372,1277,548,2007,548,0.9,49496,46756,44016,38536,35796,33056,27576,22096,19356,16616,11136,2120,2,1
Africa,Burundi,Burundi,BDI,mean,106984,78239,65078,57601,54976,372,1277,548,2007,1277,2.2,42206,35821,29436,16666,10281,3896,0,0,0,0,0,2063,2,2
Africa,Burundi,Burundi,BDI,high,106984,78239,65078,57601,54976,372,1277,548,2007,2007,3.6,34906,24871,14836,0,0,0,0,0,0,0,0,2047,2,3
Africa,Cameroon,Cameroon,CMR,low,23883397,23745710,23572206,23269723,22876201,8795,69531,52294,86769,52294,0.2,22353261,22091791,21830321,21307381,21045911,20784441,20261501,19738561,19477091,19215621,18692681,2457,2,1
Africa,Cameroon,Cameroon,CMR,mean,23883397,23745710,23572206,23269723,22876201,8795,69531,52294,86769,69531,0.3,22180891,21833236,21485581,20790271,20442616,20094961,19399651,18704341,18356686,18009031,17313721,2349,2,2
Africa,Cameroon,Cameroon,CMR,high,23883397,23745710,23572206,23269723,22876201,8795,69531,52294,86769,86769,0.4,22008511,21574666,21140821,20273131,19839286,19405441,18537751,17670061,17236216,16802371,15934681,2283,2,3
Africa,CAR,CAR,CAF,low,9810437,9561444,9345475,9083331,8819958,6898,52669,39149,66188,39149,0.4,8428468,8232723,8036978,7645488,7449743,7253998,6862508,6471018,6275273,6079528,5688038,2245,2,1
Africa,CAR,CAR,CAF,mean,9810437,9561444,9345475,9083331,8819958,6898,52669,39149,66188,52669,0.6,8293268,8029923,7766578,7239888,6976543,6713198,6186508,5659818,5396473,5133128,4606438,2187,2,2
Africa,CAR,CAR,CAF,high,9810437,9561444,9345475,9083331,8819958,6898,52669,39149,66188,66188,0.7,8158078,7827138,7496198,6834318,6503378,6172438,5510558,4848678,4517738,4186798,3524918,2153,2,3
Africa,Comoros,Comoros,COM,low,86655,86648,86647,86647,81881,490,1109,149,2069,149,0.2,80391,79646,78901,77411,76666,75921,74431,72941,72196,71451,69961,2569,2,1
Africa,Comoros,Comoros,COM,mean,86655,86648,86647,86647,81881,490,1109,149,2069,1109,1.4,70791,65246,59701,48611,43066,37521,26431,15341,9796,4251,0,2093,2,2
Africa,Comoros,Comoros,COM,high,86655,86648,86647,86647,81881,490,1109,149,2069,2069,2.7,61191,50846,40501,19811,9466,0,0,0,0,0,0,2059,2,3
Africa,Congo,Congo,COG,low,24093110,24055417,23972033,23671269,23376720,7497,57438,42744,72132,42744,0.2,22949280,22735560,22521840,22094400,21880680,21666960,21239520,20812080,20598360,20384640,19957200,2566,2,1
Africa,Congo,Congo,COG,mean,24093110,24055417,23972033,23671269,23376720,7497,57438,42744,72132,57438,0.2,22802340,22515150,22227960,21653580,21366390,21079200,20504820,19930440,19643250,19356060,18781680,2426,2,2
Africa,Congo,Congo,COG,high,24093110,24055417,23972033,23671269,23376720,7497,57438,42744,72132,72132,0.3,22655400,22294740,21934080,21212760,20852100,20491440,19770120,19048800,18688140,18327480,17606160,2344,2,3
Africa,DRC,DRC,COD,low,131616541,129175740,126163707,121659648,117811537,66837,860137,729137,991138,729137,0.6,110520167,106874482,103228797,95937427,92291742,88646057,81354687,74063317,70417632,66771947,59480577,2181,2,1
Africa,DRC,DRC,COD,mean,131616541,129175740,126163707,121659648,117811537,66837,860137,729137,991138,860137,0.7,109210167,104909482,100608797,92007427,87706742,83406057,74804687,66203317,61902632,57601947,49000577,2156,2,2
Africa,DRC,DRC,COD,high,131616541,129175740,126163707,121659648,117811537,66837,860137,729137,991138,991138,0.8,107900157,102944467,97988777,88077397,83121707,78166017,68254637,58343257,53387567,48431877,38520497,2138,2,3
Africa,Eq. Guinea,Eq. Guinea,GNQ,low,2647036,2646362,2642819,2625942,2610005,392,3106,2338,3874,2338,0.1,2586625,2574935,2563245,2539865,2528175,2516485,2493105,2469725,2458035,2446345,2422965,3136,2,1
Africa,Eq. Guinea,Eq. Guinea,GNQ,mean,2647036,2646362,2642819,2625942,2610005,392,3106,2338,3874,3106,0.1,2578945,2563415,2547885,2516825,2501295,2485765,2454705,2423645,2408115,2392585,2361525,2860,2,2
Africa,Eq. Guinea,Eq. Guinea,GNQ,high,2647036,2646362,2642819,2625942,2610005,392,3106,2338,3874,3874,0.1,2571265,2551895,2532525,2493785,2474415,2455045,2416305,2377565,2358195,2338825,2300085,2693,2,3
Africa,Ethiopia,Ethiopia,ETH,low,3806058,3286258,2858117,2422128,2131141,11401,76204,53859,98550,53859,2.1,1592551,1323256,1053961,515371,246076,0,0,0,0,0,0,2059,2,1
Africa,Ethiopia,Ethiopia,ETH,mean,3806058,3286258,2858117,2422128,2131141,11401,76204,53859,98550,76204,3.1,1369101,988081,607061,0,0,0,0,0,0,0,0,2047,2,2
Africa,Ethiopia,Ethiopia,ETH,high,3806058,3286258,2858117,2422128,2131141,11401,76204,53859,98550,98550,4.1,1145641,652891,160141,0,0,0,0,0,0,0,0,2041,2,3
Africa,Gabon,Gabon,GAB,low,24131699,24124649,24110306,24053665,23974448,2217,12950,8604,17295,8604,0,23888408,23845388,23802368,23716328,23673308,23630288,23544248,23458208,23415188,23372168,23286128,4806,2,1
Africa,Gabon,Gabon,GAB,mean,24131699,24124649,24110306,24053665,23974448,2217,12950,8604,17295,12950,0.1,23844948,23780198,23715448,23585948,23521198,23456448,23326948,23197448,23132698,23067948,22938448,3871,2,2
Africa,Gabon,Gabon,GAB,high,24131699,24124649,24110306,24053665,23974448,2217,12950,8604,17295,17295,0.1,23801498,23715023,23628548,23455598,23369123,23282648,23109698,22936748,22850273,22763798,22590848,3406,2,3
Africa,Gambia,Gambia,GMB,low,52100,47993,45724,44165,41529,115,378,152,603,152,0.3,40009,39249,38489,36969,36209,35449,33929,32409,31649,30889,29369,2293,2,1
Africa,Gambia,Gambia,GMB,mean,52100,47993,45724,44165,41529,115,378,152,603,378,0.9,37749,35859,33969,30189,28299,26409,22629,18849,16959,15069,11289,2129,2,2
Africa,Gambia,Gambia,GMB,high,52100,47993,45724,44165,41529,115,378,152,603,603,1.4,35499,32484,29469,23439,20424,17409,11379,5349,2334,0,0,2088,2,3
Africa,Ghana,Ghana,GHA,low,4931046,4770715,4467124,4091400,3325917,24093,114594,67372,161815,67372,1.6,2652197,2315337,1978477,1304757,967897,631037,0,0,0,0,0,2069,2,1
Africa,Ghana,Ghana,GHA,mean,4931046,4770715,4467124,4091400,3325917,24093,114594,67372,161815,114594,2.9,2179977,1607007,1034037,0,0,0,0,0,0,0,0,2049,2,2
Africa,Ghana,Ghana,GHA,high,4931046,4770715,4467124,4091400,3325917,24093,114594,67372,161815,161815,4.4,1707767,898692,89617,0,0,0,0,0,0,0,0,2040,2,3
Africa,Guinea,Guinea,GIN,low,1913692,1530673,1239294,995933,840609,3789,43364,35937,50791,35937,3.4,481239,301554,121869,0,0,0,0,0,0,0,0,2043,2,1
Africa,Guinea,Guinea,GIN,mean,1913692,1530673,1239294,995933,840609,3789,43364,35937,50791,43364,4.2,406969,190149,0,0,0,0,0,0,0,0,0,2039,2,2
Africa,Guinea,Guinea,GIN,high,1913692,1530673,1239294,995933,840609,3789,43364,35937,50791,50791,5.1,332699,78744,0,0,0,0,0,0,0,0,0,2036,2,3
Africa,Guinea Bissau,Guinea Bissau,GNB,low,410011,357620,335068,312085,290321,277,4789,4247,5332,4247,1.3,247851,226616,205381,162911,141676,120441,77971,35501,14266,0,0,2088,2,1
Africa,Guinea Bissau,Guinea Bissau,GNB,mean,410011,357620,335068,312085,290321,277,4789,4247,5332,4789,1.5,242431,218486,194541,146651,122706,98761,50871,2981,0,0,0,2080,2,2
Africa,Guinea Bissau,Guinea Bissau,GNB,high,410011,357620,335068,312085,290321,277,4789,4247,5332,5332,1.7,237001,210341,183681,130361,103701,77041,23721,0,0,0,0,2074,2,3
Africa,Ivory Coast,Ivory Coast,CIV,low,7710141,7163039,6367822,5110407,3871989,34008,258740,192085,325396,192085,3.5,1951139,990714,30289,0,0,0,0,0,0,0,0,2040,2,1
Africa,Ivory Coast,Ivory Coast,CIV,mean,7710141,7163039,6367822,5110407,3871989,34008,258740,192085,325396,258740,5.1,1284589,0,0,0,0,0,0,0,0,0,0,2034,2,2
Africa,Ivory Coast,Ivory Coast,CIV,high,7710141,7163039,6367822,5110407,3871989,34008,258740,192085,325396,325396,6.9,618029,0,0,0,0,0,0,0,0,0,0,2031,2,3
Africa,Kenya,Kenya,KEN,low,1206091,1030146,901761,837152,749180,4497,18935,10121,27749,10121,1.2,647970,597365,546760,445550,394945,344340,243130,141920,91315,40710,0,2094,2,1
Africa,Kenya,Kenya,KEN,mean,1206091,1030146,901761,837152,749180,4497,18935,10121,27749,18935,2.3,559830,465155,370480,181130,86455,0,0,0,0,0,0,2059,2,2
Africa,Kenya,Kenya,KEN,high,1206091,1030146,901761,837152,749180,4497,18935,10121,27749,27749,3.6,471690,332945,194200,0,0,0,0,0,0,0,0,2046,2,3
Africa,Liberia,Liberia,LBR,low,8909145,8868862,8706835,8359197,7804544,13866,92196,65019,119374,65019,0.8,7154354,6829259,6504164,5853974,5528879,5203784,4553594,3903404,3578309,3253214,2603024,2140,2,1
Africa,Liberia,Liberia,LBR,mean,8909145,8868862,8706835,8359197,7804544,13866,92196,65019,119374,92196,1.1,6882584,6421604,5960624,5038664,4577684,4116704,3194744,2272784,1811804,1350824,428864,2104,2,2
Africa,Liberia,Liberia,LBR,high,8909145,8868862,8706835,8359197,7804544,13866,92196,65019,119374,119374,1.5,6610804,6013934,5417064,4223324,3626454,3029584,1835844,642104,45234,0,0,2085,2,3
Africa,Madagascar,Madagascar,MDG,low,7211553,6334507,5668869,4960761,4543201,12667,125713,100885,150541,100885,1.9,3534351,3029926,2525501,1516651,1012226,507801,0,0,0,0,0,2065,2,1
Africa,Madagascar,Madagascar,MDG,mean,7211553,6334507,5668869,4960761,4543201,12667,125713,100885,150541,125713,2.5,3286071,2657506,2028941,771811,143246,0,0,0,0,0,0,2056,2,2
Africa,Madagascar,Madagascar,MDG,high,7211553,6334507,5668869,4960761,4543201,12667,125713,100885,150541,150541,3,3037791,2285086,1532381,26971,0,0,0,0,0,0,0,2050,2,3
Africa,Malawi,Malawi,MWI,low,115028,92771,70952,47992,38379,582,3588,2447,4729,2447,4.1,13909,1674,0,0,0,0,0,0,0,0,0,2035,2,1
Africa,Malawi,Malawi,MWI,mean,115028,92771,70952,47992,38379,582,3588,2447,4729,3588,6.8,2499,0,0,0,0,0,0,0,0,0,0,2030,2,2
Africa,Malawi,Malawi,MWI,high,115028,92771,70952,47992,38379,582,3588,2447,4729,4729,10.4,0,0,0,0,0,0,0,0,0,0,0,2028,2,3
Africa,Mauritius,Mauritius,MUS,low,49679,49256,47404,44690,43480,170,435,101,768,101,0.2,42470,41965,41460,40450,39945,39440,38430,37420,36915,36410,35400,2450,2,1
Africa,Mauritius,Mauritius,MUS,mean,49679,49256,47404,44690,43480,170,435,101,768,435,1,39130,36955,34780,30430,28255,26080,21730,17380,15205,13030,8680,2119,2,2
Africa,Mauritius,Mauritius,MUS,high,49679,49256,47404,44690,43480,170,435,101,768,768,1.8,35800,31960,28120,20440,16600,12760,5080,0,0,0,0,2076,2,3
Africa,Mayotte,Mayotte,MYT,low,17934,17898,17253,13477,12236,185,493,131,855,131,0.8,10926,10271,9616,8306,7651,6996,5686,4376,3721,3066,1756,2113,2,1
Africa,Mayotte,Mayotte,MYT,mean,17934,17898,17253,13477,12236,185,493,131,855,493,3.3,7306,4841,2376,0,0,0,0,0,0,0,0,2044,2,2
Africa,Mayotte,Mayotte,MYT,high,17934,17898,17253,13477,12236,185,493,131,855,855,6.6,3686,0,0,0,0,0,0,0,0,0,0,2034,2,3
Africa,Nigeria,Nigeria,NGA,low,7777166,7571499,7242546,6852150,6257778,16391,100785,68659,132910,68659,1,5571188,5227893,4884598,4198008,3854713,3511418,2824828,2138238,1794943,1451648,765058,2111,2,1
Africa,Nigeria,Nigeria,NGA,mean,7777166,7571499,7242546,6852150,6257778,16391,100785,68659,132910,100785,1.5,5249928,4746003,4242078,3234228,2730303,2226378,1218528,210678,0,0,0,2082,2,2
Africa,Nigeria,Nigeria,NGA,high,7777166,7571499,7242546,6852150,6257778,16391,100785,68659,132910,132910,2,4928678,4264128,3599578,2270478,1605928,941378,0,0,0,0,0,2067,2,3
Africa,Reunion,Reunion,REU,low,141857,141813,141743,138428,134053,180,706,352,1059,352,0.3,130533,128773,127013,123493,121733,119973,116453,112933,111173,109413,105893,2400,2,1
Africa,Reunion,Reunion,REU,mean,141857,141813,141743,138428,134053,180,706,352,1059,706,0.5,126993,123463,119933,112873,109343,105813,98753,91693,88163,84633,77573,2209,2,2
Africa,Reunion,Reunion,REU,high,141857,141813,141743,138428,134053,180,706,352,1059,1059,0.8,123463,118168,112873,102283,96988,91693,81103,70513,65218,59923,49333,2146,2,3
Africa,Rwanda,Rwanda,RWA,low,288448,231137,199111,169040,159771,1311,5065,2495,7635,2495,1.3,134821,122346,109871,84921,72446,59971,35021,10071,0,0,0,2084,2,1
Africa,Rwanda,Rwanda,RWA,mean,288448,231137,199111,169040,159771,1311,5065,2495,7635,5065,2.9,109121,83796,58471,7821,0,0,0,0,0,0,0,2051,2,2
Africa,Rwanda,Rwanda,RWA,high,288448,231137,199111,169040,159771,1311,5065,2495,7635,7635,4.7,83421,45246,7071,0,0,0,0,0,0,0,0,2040,2,3
Africa,Senegal,Senegal,SEN,low,139624,135014,131508,127980,123646,224,703,263,1142,263,0.2,121016,119701,118386,115756,114441,113126,110496,107866,106551,105236,102606,2490,2,1
Africa,Senegal,Senegal,SEN,mean,139624,135014,131508,127980,123646,224,703,263,1142,703,0.5,116616,113101,109586,102556,99041,95526,88496,81466,77951,74436,67406,2195,2,2
Africa,Senegal,Senegal,SEN,high,139624,135014,131508,127980,123646,224,703,263,1142,1142,0.9,112226,106516,100806,89386,83676,77966,66546,55126,49416,43706,32286,2128,2,3
Africa,Sierra Leone,Sierra Leone,SLE,low,3462182,3033370,2364721,1787914,1379963,14410,112450,84207,140694,84207,4.3,537893,116858,0,0,0,0,0,0,0,0,0,2036,2,1
Africa,Sierra Leone,Sierra Leone,SLE,mean,3462182,3033370,2364721,1787914,1379963,14410,112450,84207,140694,112450,6.2,255463,0,0,0,0,0,0,0,0,0,0,2032,2,2
Africa,Sierra Leone,Sierra Leone,SLE,high,3462182,3033370,2364721,1787914,1379963,14410,112450,84207,140694,140694,8.6,0,0,0,0,0,0,0,0,0,0,0,2029,2,3
Africa,South Sudan,South Sudan,SSD,low,268640,231854,206744,182335,163766,553,4551,3467,5634,3467,1.8,129096,111761,94426,59756,42421,25086,0,0,0,0,0,2067,2,1
Africa,South Sudan,South Sudan,SSD,mean,268640,231854,206744,182335,163766,553,4551,3467,5634,4551,2.5,118256,95501,72746,27236,4481,0,0,0,0,0,0,2055,2,2
Africa,South Sudan,South Sudan,SSD,high,268640,231854,206744,182335,163766,553,4551,3467,5634,5634,3.1,107426,79256,51086,0,0,0,0,0,0,0,0,2049,2,3
Africa,Tanzania,Tanzania,TZA,low,1444419,1293163,1208300,1130421,1089819,2070,13598,9540,17655,9540,0.8,994419,946719,899019,803619,755919,708219,612819,517419,469719,422019,326619,2134,2,1
Africa,Tanzania,Tanzania,TZA,mean,1444419,1293163,1208300,1130421,1089819,2070,13598,9540,17655,13598,1.2,953839,885849,817859,681879,613889,545899,409919,273939,205949,137959,1979,2100,2,2
Africa,Tanzania,Tanzania,TZA,high,1444419,1293163,1208300,1130421,1089819,2070,13598,9540,17655,17655,1.6,913269,824994,736719,560169,471894,383619,207069,30519,0,0,0,2081,2,3
Africa,Togo,Togo,TGO,low,159931,125957,104138,87032,65083,855,3887,2211,5564,2211,2.4,42973,31918,20863,0,0,0,0,0,0,0,0,2049,2,1
Africa,Togo,Togo,TGO,mean,159931,125957,104138,87032,65083,855,3887,2211,5564,3887,4.6,26213,6778,0,0,0,0,0,0,0,0,0,2036,2,2
Africa,Togo,Togo,TGO,high,159931,125957,104138,87032,65083,855,3887,2211,5564,5564,7.4,9443,0,0,0,0,0,0,0,0,0,0,2031,2,3
Africa,Uganda,Uganda,UGA,low,1888004,1489147,1105528,849742,744998,6444,43532,30901,56163,30901,3.2,435988,281483,126978,0,0,0,0,0,0,0,0,2044,2,1
Africa,Uganda,Uganda,UGA,mean,1888004,1489147,1105528,849742,744998,6444,43532,30901,56163,43532,4.9,309678,92018,0,0,0,0,0,0,0,0,0,2037,2,2
Africa,Uganda,Uganda,UGA,high,1888004,1489147,1105528,849742,744998,6444,43532,30901,56163,56163,6.8,183368,0,0,0,0,0,0,0,0,0,0,2033,2,3
Africa,Zambia,Zambia,ZMB,low,182617,142735,115938,95857,79807,660,3782,2488,5075,2488,2.4,54927,42487,30047,5167,0,0,0,0,0,0,0,2052,2,1
Africa,Zambia,Zambia,ZMB,mean,182617,142735,115938,95857,79807,660,3782,2488,5075,3782,3.9,41987,23077,4167,0,0,0,0,0,0,0,0,2041,2,2
Africa,Zambia,Zambia,ZMB,high,182617,142735,115938,95857,79807,660,3782,2488,5075,5075,5.6,29057,3682,0,0,0,0,0,0,0,0,0,2035,2,3
Asia,Australia,Australia – Queensland,QLD,low,2078357,1968732,1896545,1831643,1776671,3109,14193,8100,20286,8100,0.4,1695671,1655171,1614671,1533671,1493171,1452671,1371671,1290671,1250171,1209671,1128671,2239,3,1
Asia,Australia,Australia – Queensland,QLD,mean,2078357,1968732,1896545,1831643,1776671,3109,14193,8100,20286,14193,0.8,1634741,1563776,1492811,1350881,1279916,1208951,1067021,925091,854126,783161,641231,2145,3,2
Asia,Australia,Australia – Queensland,QLD,high,2078357,1968732,1896545,1831643,1776671,3109,14193,8100,20286,20286,1.1,1573811,1472381,1370951,1168091,1066661,965231,762371,559511,458081,356651,153791,2107,3,3
Asia,Bangladesh,Bangladesh,BGD,low,982346,901540,831470,797984,781964,931,5949,4124,7773,4124,0.5,740724,720104,699484,658244,637624,617004,575764,534524,513904,493284,452044,2209,3,1
Asia,Bangladesh,Bangladesh,BGD,mean,982346,901540,831470,797984,781964,931,5949,4124,7773,5949,0.7,722474,692729,662984,603494,573749,544004,484514,425024,395279,365534,306044,2151,3,2
Asia,Bangladesh,Bangladesh,BGD,high,982346,901540,831470,797984,781964,931,5949,4124,7773,7773,1,704234,665369,626504,548774,509909,471044,393314,315584,276719,237854,160124,2120,3,3
Asia,Bhutan,Bhutan,BTN,low,2019326,1952777,1886291,1824727,1795038,1253,10769,8313,13226,8313,0.4,1711908,1670343,1628778,1545648,1504083,1462518,1379388,1296258,1254693,1213128,1129998,2235,3,1
Asia,Bhutan,Bhutan,BTN,mean,2019326,1952777,1886291,1824727,1795038,1253,10769,8313,13226,10769,0.6,1687348,1633503,1579658,1471968,1418123,1364278,1256588,1148898,1095053,1041208,933518,2186,3,2
Asia,Bhutan,Bhutan,BTN,high,2019326,1952777,1886291,1824727,1795038,1253,10769,8313,13226,13226,0.7,1662778,1596648,1530518,1398258,1332128,1265998,1133738,1001478,935348,869218,736958,2155,3,3
Asia,Brunei,Brunei,BRN,low,515193,507557,502251,497818,494430,111,901,684,1119,684,0.1,487590,484170,480750,473910,470490,467070,460230,453390,449970,446550,439710,2742,3,1
Asia,Brunei,Brunei,BRN,mean,515193,507557,502251,497818,494430,111,901,684,1119,901,0.2,485420,480915,476410,467400,462895,458390,449380,440370,435865,431360,422350,2568,3,2
Asia,Brunei,Brunei,BRN,high,515193,507557,502251,497818,494430,111,901,684,1119,1119,0.2,483240,477645,472050,460860,455265,449670,438480,427290,421695,416100,404910,2461,3,3
Asia,Cambodia,Cambodia,KHM,low,4829395,4371680,3882966,3218407,2792304,16576,110142,77653,142631,77653,2.2,2015774,1627509,1239244,462714,74449,0,0,0,0,0,0,2055,3,1
Asia,Cambodia,Cambodia,KHM,mean,4829395,4371680,3882966,3218407,2792304,16576,110142,77653,142631,110142,3.3,1690884,1140174,589464,0,0,0,0,0,0,0,0,2045,3,2
Asia,Cambodia,Cambodia,KHM,high,4829395,4371680,3882966,3218407,2792304,16576,110142,77653,142631,142631,4.5,1365994,652839,0,0,0,0,0,0,0,0,0,2039,3,3
Asia,Fiji,Fiji,FJI,low,1006437,988762,964772,936652,924361,717,4465,3060,5869,3060,0.3,893761,878461,863161,832561,817261,801961,771361,740761,725461,710161,679561,2322,3,1
Asia,Fiji,Fiji,FJI,mean,1006437,988762,964772,936652,924361,717,4465,3060,5869,4465,0.5,879711,857386,835061,790411,768086,745761,701111,656461,634136,611811,567161,2227,3,2
Asia,Fiji,Fiji,FJI,high,1006437,988762,964772,936652,924361,717,4465,3060,5869,5869,0.6,865671,836326,806981,748291,718946,689601,630911,572221,542876,513531,454841,2177,3,3
Asia,India,India – Andaman and N.,AN,low,612986,607541,592206,581136,573667,655,1960,675,3245,675,0.1,566917,563542,560167,553417,550042,546667,539917,533167,529792,526417,519667,2869,3,1
Asia,India,India – Andaman and N.,AN,mean,612986,607541,592206,581136,573667,655,1960,675,3245,1960,0.3,554067,544267,534467,514867,505067,495267,475667,456067,446267,436467,416867,2312,3,2
Asia,India,India – Andaman and N.,AN,high,612986,607541,592206,581136,573667,655,1960,675,3245,3245,0.6,541217,524992,508767,476317,460092,443867,411417,378967,362742,346517,314067,2196,3,3
Asia,India,India – North-East,NE,low,7278123,6641155,6052815,5706312,5537158,9791,65405,46215,84595,46215,0.8,5075008,4843933,4612858,4150708,3919633,3688558,3226408,2764258,2533183,2302108,1839958,2139,3,1
Asia,India,India – North-East,NE,mean,7278123,6641155,6052815,5706312,5537158,9791,65405,46215,84595,65405,1.1,4883108,4556083,4229058,3575008,3247983,2920958,2266908,1612858,1285833,958808,304758,2104,3,2
Asia,India,India – North-East,NE,high,7278123,6641155,6052815,5706312,5537158,9791,65405,46215,84595,84595,1.5,4691208,4268233,3845258,2999308,2576333,2153358,1307408,461458,38483,0,0,2085,3,3
Asia,India,India – West. Ghats,WG,low,3159068,2930478,2722878,2460868,2200503,8617,54280,37390,71170,37390,1.5,1826603,1639653,1452703,1078803,891853,704903,331003,0,0,0,0,2078,3,1
Asia,India,India – West. Ghats,WG,mean,3159068,2930478,2722878,2460868,2200503,8617,54280,37390,71170,54280,2.2,1657703,1386303,1114903,572103,300703,29303,0,0,0,0,0,2060,3,2
Asia,India,India – West. Ghats,WG,high,3159068,2930478,2722878,2460868,2200503,8617,54280,37390,71170,71170,3,1488803,1132953,777103,65403,0,0,0,0,0,0,0,2050,3,3
Asia,Indonesia,Indonesia,IDN,low,141244075,134714299,127698859,121333147,116317384,144519,1215436,932180,1498693,932180,0.8,106995584,102334684,97673784,88351984,83691084,79030184,69708384,60386584,55725684,51064784,41742984,2144,3,1
Asia,Indonesia,Indonesia,IDN,mean,141244075,134714299,127698859,121333147,116317384,144519,1215436,932180,1498693,1215436,1,104163024,98085844,92008664,79854304,73777124,67699944,55545584,43391224,37314044,31236864,19082504,2115,3,2
Asia,Indonesia,Indonesia,IDN,high,141244075,134714299,127698859,121333147,116317384,144519,1215436,932180,1498693,1498693,1.2,101330454,93836989,86343524,71356594,63863129,56369664,41382734,26395804,18902339,11408874,0,2097,3,3
Asia,Laos,Laos,LAO,low,11937411,10843570,9861627,9039429,8253784,12893,163537,138267,188807,138267,1.5,6871114,6179779,5488444,4105774,3414439,2723104,1340434,0,0,0,0,2079,3,1
Asia,Laos,Laos,LAO,mean,11937411,10843570,9861627,9039429,8253784,12893,163537,138267,188807,163537,1.8,6618414,5800729,4983044,3347674,2529989,1712304,76934,0,0,0,0,2070,3,2
Asia,Laos,Laos,LAO,high,11937411,10843570,9861627,9039429,8253784,12893,163537,138267,188807,188807,2.1,6365714,5421679,4477644,2589574,1645539,701504,0,0,0,0,0,2063,3,3
Asia,Malaysia,Malaysia,MYS,low,25988566,24250563,22531945,20991138,20114506,25448,269268,219391,319146,219391,1,17920596,16823641,15726686,13532776,12435821,11338866,9144956,6951046,5854091,4757136,2563226,2111,3,1
Asia,Malaysia,Malaysia,MYS,mean,25988566,24250563,22531945,20991138,20114506,25448,269268,219391,319146,269268,1.3,17421826,16075486,14729146,12036466,10690126,9343786,6651106,3958426,2612086,1265746,0,2094,3,2
Asia,Malaysia,Malaysia,MYS,high,25988566,24250563,22531945,20991138,20114506,25448,269268,219391,319146,319146,1.5,16923046,15327316,13731586,10540126,8944396,7348666,4157206,965746,0,0,0,2083,3,3
Asia,Myanmar,Myanmar,MMR,low,18734733,17092800,15639449,14431336,13647894,22143,219704,176304,263105,176304,1.2,11884854,11003334,10121814,8358774,7477254,6595734,4832694,3069654,2188134,1306614,0,2097,3,1
Asia,Myanmar,Myanmar,MMR,mean,18734733,17092800,15639449,14431336,13647894,22143,219704,176304,263105,219704,1.5,11450854,10352334,9253814,7056774,5958254,4859734,2662694,465654,0,0,0,2082,3,2
Asia,Myanmar,Myanmar,MMR,high,18734733,17092800,15639449,14431336,13647894,22143,219704,176304,263105,263105,1.8,11016844,9701319,8385794,5754744,4439219,3123694,492644,0,0,0,0,2071,3,3
Asia,New Caledonia,New Caledonia,NCL,low,905048,896387,882999,868974,852688,449,3246,2365,4126,2365,0.3,829038,817213,805388,781738,769913,758088,734438,710788,698963,687138,663488,2380,3,1
Asia,New Caledonia,New Caledonia,NCL,mean,905048,896387,882999,868974,852688,449,3246,2365,4126,3246,0.4,820228,803998,787768,755308,739078,722848,690388,657928,641698,625468,593008,2282,3,2
Asia,New Caledonia,New Caledonia,NCL,high,905048,896387,882999,868974,852688,449,3246,2365,4126,4126,0.5,811428,790798,770168,728908,708278,687648,646388,605128,584498,563868,522608,2226,3,3
Asia,Papua New Guinea,Papua New Guinea,PNG,low,40631911,40122267,39910047,39631637,39233011,13769,67637,40650,94624,40650,0.1,38826511,38623261,38420011,38013511,37810261,37607011,37200511,36794011,36590761,36387511,35981011,2985,3,1
Asia,Papua New Guinea,Papua New Guinea,PNG,mean,40631911,40122267,39910047,39631637,39233011,13769,67637,40650,94624,67637,0.2,38556641,38218456,37880271,37203901,36865716,36527531,35851161,35174791,34836606,34498421,33822051,2600,3,2
Asia,Papua New Guinea,Papua New Guinea,PNG,high,40631911,40122267,39910047,39631637,39233011,13769,67637,40650,94624,94624,0.2,38286771,37813651,37340531,36394291,35921171,35448051,34501811,33555571,33082451,32609331,31663091,2434,3,3
Asia,Philippines,Philippines,PHL,low,14960306,14316496,13822210,13271615,12707264,24654,104898,56575,153220,56575,0.4,12141514,11858639,11575764,11010014,10727139,10444264,9878514,9312764,9029889,8747014,8181264,2244,3,1
Asia,Philippines,Philippines,PHL,mean,14960306,14316496,13822210,13271615,12707264,24654,104898,56575,153220,104898,0.8,11658284,11133794,10609304,9560324,9035834,8511344,7462364,6413384,5888894,5364404,4315424,2141,3,2
Asia,Philippines,Philippines,PHL,high,14960306,14316496,13822210,13271615,12707264,24654,104898,56575,153220,153220,1.2,11175064,10408964,9642864,8110664,7344564,6578464,5046264,3514064,2747964,1981864,449664,2102,3,3
Asia,Singapore,Singapore,SGP,low,16809,15833,15303,14468,13571,34,173,107,239,107,0.7,12501,11966,11431,10361,9826,9291,8221,7151,6616,6081,5011,2146,3,1
Asia,Singapore,Singapore,SGP,mean,16809,15833,15303,14468,13571,34,173,107,239,173,1.2,11841,10976,10111,8381,7516,6651,4921,3191,2326,1461,0,2098,3,2
Asia,Singapore,Singapore,SGP,high,16809,15833,15303,14468,13571,34,173,107,239,239,1.7,11181,9986,8791,6401,5206,4011,1621,0,0,0,0,2076,3,3
Asia,Solomon Isl.,Solomon Isl.,SLB,low,2762933,2761361,2759216,2753056,2738168,464,1872,962,2781,962,0,2728548,2723738,2718928,2709308,2704498,2699688,2690068,2680448,2675638,2670828,2661208,4866,3,1
Asia,Solomon Isl.,Solomon Isl.,SLB,mean,2762933,2761361,2759216,2753056,2738168,464,1872,962,2781,1872,0.1,2719448,2710088,2700728,2682008,2672648,2663288,2644568,2625848,2616488,2607128,2588408,3482,3,2
Asia,Solomon Isl.,Solomon Isl.,SLB,high,2762933,2761361,2759216,2753056,2738168,464,1872,962,2781,2781,0.1,2710358,2696453,2682548,2654738,2640833,2626928,2599118,2571308,2557403,2543498,2515688,3004,3,3
Asia,Sri Lanka,Sri Lanka,LKA,low,2114328,1895920,1752648,1646654,1575628,3767,21152,13767,28536,13767,0.8,1437958,1369123,1300288,1162618,1093783,1024948,887278,749608,680773,611938,474268,2134,3,1
Asia,Sri Lanka,Sri Lanka,LKA,mean,2114328,1895920,1752648,1646654,1575628,3767,21152,13767,28536,21152,1.3,1364108,1258348,1152588,941068,835308,729548,518028,306508,200748,94988,0,2094,3,2
Asia,Sri Lanka,Sri Lanka,LKA,high,2114328,1895920,1752648,1646654,1575628,3767,21152,13767,28536,28536,1.8,1290268,1147588,1004908,719548,576868,434188,148828,0,0,0,0,2075,3,3
Asia,Thailand,Thailand,THA,low,7316752,6836910,6409676,6100640,5811122,9981,60742,41180,80305,41180,0.7,5399322,5193422,4987522,4575722,4369822,4163922,3752122,3340322,3134422,2928522,2516722,2161,3,1
Asia,Thailand,Thailand,THA,mean,7316752,6836910,6409676,6100640,5811122,9981,60742,41180,80305,60742,1,5203702,4899992,4596282,3988862,3685152,3381442,2774022,2166602,1862892,1559182,951762,2115,3,2
Asia,Thailand,Thailand,THA,high,7316752,6836910,6409676,6100640,5811122,9981,60742,41180,80305,80305,1.3,5008072,4606547,4205022,3401972,3000447,2598922,1795872,992822,591297,189772,0,2092,3,3
Asia,Timor-Leste,Timor-Leste,TLS,low,133922,105710,89910,81292,75244,600,1957,781,3134,781,0.9,67434,63529,59624,51814,47909,44004,36194,28384,24479,20574,12764,2116,3,1
Asia,Timor-Leste,Timor-Leste,TLS,mean,133922,105710,89910,81292,75244,600,1957,781,3134,1957,2.4,55674,45889,36104,16534,6749,0,0,0,0,0,0,2058,3,2
Asia,Timor-Leste,Timor-Leste,TLS,high,133922,105710,89910,81292,75244,600,1957,781,3134,3134,4.2,43904,28234,12564,0,0,0,0,0,0,0,0,2044,3,3
Asia,Vanuatu,Vanuatu,VUT,low,1158704,1158364,1158339,1157298,1149824,246,700,217,1183,217,0,1147654,1146569,1145484,1143314,1142229,1141144,1138974,1136804,1135719,1134634,1132464,7318,3,1
Asia,Vanuatu,Vanuatu,VUT,mean,1158704,1158364,1158339,1157298,1149824,246,700,217,1183,700,0.1,1142824,1139324,1135824,1128824,1125324,1121824,1114824,1107824,1104324,1100824,1093824,3662,3,2
Asia,Vanuatu,Vanuatu,VUT,high,1158704,1158364,1158339,1157298,1149824,246,700,217,1183,1183,0.1,1137994,1132079,1126164,1114334,1108419,1102504,1090674,1078844,1072929,1067014,1055184,2991,3,3
Asia,Vietnam,Vietnam,VNM,low,11003880,9856135,8814250,8090450,7528100,13314,134541,108445,160637,108445,1.3,6443650,5901425,5359200,4274750,3732525,3190300,2105850,1021400,479175,0,0,2089,3,1
Asia,Vietnam,Vietnam,VNM,mean,11003880,9856135,8814250,8090450,7528100,13314,134541,108445,160637,134541,1.6,6182690,5509985,4837280,3491870,2819165,2146460,801050,0,0,0,0,2075,3,2
Asia,Vietnam,Vietnam,VNM,high,11003880,9856135,8814250,8090450,7528100,13314,134541,108445,160637,160637,2,5921730,5118545,4315360,2708990,1905805,1102620,0,0,0,0,0,2066,3,3
