area_cont,area_ctry,area_name,area_code,proj,C2020,C2030,C2035,C2040,C2050,C2055,C2060,C2070,C2080,C2085,C2090,C2100,C2110,id_cont,id_d
America,Antigua and B.,Antigua and B.,ATG,low,5367,401,1114,2264,5214,6974,8870,12968,17189,19324,21540,26063,30688,1,1
America,Antigua and B.,Antigua and B.,ATG,mean,5367,3275,7146,11867,21962,27277,32832,44703,54869,54869,54869,54869,54869,1,2
America,Antigua and B.,Antigua and B.,ATG,high,5367,7957,15752,24000,42017,52641,54869,54869,54869,54869,54869,54869,54869,1,3
America,Bahamas,Bahamas,BHS,low,352175,171862,236041,307812,461823,543652,628938,808814,999002,1096955,1195769,1399350,1608924,1,1
America,Bahamas,Bahamas,BHS,mean,352175,313409,470964,642094,1021153,1222749,1431051,1859353,2172986,2172986,2172986,2172986,2172986,1,2
America,Bahamas,Bahamas,BHS,high,352175,474292,738349,1029047,1657956,1979736,2172986,2172986,2172986,2172986,2172986,2172986,2172986,1,3
America,Barbados,Barbados,BRB,low,6273,724,1348,2121,3861,4740,5680,7634,9784,10941,12152,14558,17199,1,1
America,Barbados,Barbados,BRB,mean,6273,4863,8288,12432,21855,26993,32361,44214,47886,47886,47886,47886,47886,1,2
America,Barbados,Barbados,BRB,high,6273,10041,17630,26349,46308,47886,47886,47886,47886,47886,47886,47886,47886,1,3
America,Belize,Belize,BLZ,low,5174120,3536323,5193241,6848802,9956327,11514759,13077965,16358499,19839647,21667753,23537498,27383536,31417819,1,1
America,Belize,Belize,BLZ,mean,5174120,5850286,8555754,11185499,16670344,19625518,22745526,29317423,36462334,40267297,44332120,53264595,62510440,1,2
America,Belize,Belize,BLZ,high,5174120,8087375,11800196,15648597,24230405,28892379,33850560,44785003,57702029,64923403,64923403,64923403,64923403,1,3
America,Bolivia,Bolivia,BOL,low,160735883,91415316,136835730,181878939,271407375,316342177,361595280,452978876,545300050,591834340,638773285,733925033,830558036,1,1
America,Bolivia,Bolivia,BOL,mean,160735883,164738390,245835503,327097139,492427630,576295161,661292805,835199323,1013658152,1104684354,1196907015,1384070138,1573772187,1,2
America,Bolivia,Bolivia,BOL,high,160735883,237328814,355105856,474876025,720247691,846804106,975702645,1240985319,1513648387,1651888217,1791373811,2073851870,2359827833,1,3
America,Brazil,Brazil – Acre,AC,low,48177042,41299721,61731507,82227968,124475134,146352543,168649017,215360479,264255932,289389034,314748071,366021893,420094580,1,1
America,Brazil,Brazil – Acre,AC,mean,48177042,48139846,71938724,96092847,147590141,176229652,205813659,268629446,337617724,373521084,409643746,483234814,564822232,1,2
America,Brazil,Brazil – Acre,AC,high,48177042,54931088,82227968,110970430,177429473,214647938,254972467,341148503,431587758,479033173,530797779,671935518,816995673,1,3
America,Brazil,Brazil – Alagoas,AL,low,157214,84292,130064,173412,257819,300574,342844,595879,1087635,1483388,2074306,2273097,2273097,1,1
America,Brazil,Brazil – Alagoas,AL,mean,157214,164123,243528,324204,712116,1329681,2273097,2273097,2273097,2273097,2273097,2273097,2273097,1,2
America,Brazil,Brazil – Alagoas,AL,high,157214,238755,357132,627392,2273097,2273097,2273097,2273097,2273097,2273097,2273097,2273097,2273097,1,3
America,Brazil,Brazil – Amapa,AP,low,7160566,3715809,5777954,7925168,12293921,14554039,16886564,22266460,28554820,32112237,35854640,43870380,53892117,1,1
America,Brazil,Brazil – Amapa,AP,mean,7160566,5339441,8325449,11356160,18439864,23250203,28481507,41236596,58853820,69214193,80296922,105830325,143535525,1,2
America,Brazil,Brazil – Amapa,AP,high,7160566,7015985,10895119,15368975,28585197,37492303,48670895,76918519,113306179,136124138,166180205,287914317,606248078,1,3
America,Brazil,Brazil – Amazonas,AM,low,146602898,118326676,173042642,225730722,327684123,378191437,428470392,529109942,630715452,682173243,733889641,837546566,943658004,1,1
America,Brazil,Brazil – Amazonas,AM,mean,146602898,166799405,242634001,315998633,462107000,536106123,610545247,762255579,918815299,998676820,1079079430,1242177344,1414859589,1,2
America,Brazil,Brazil – Amazonas,AM,high,146602898,213663537,310164037,405958404,600601859,700616139,802885966,1012553327,1227905252,1338857524,1454700114,1724510657,2104693406,1,3
America,Brazil,Brazil – Bahia,BA,low,8363856,4223022,6369465,8625440,13327042,15808797,18379392,24266643,30967193,34655617,38459573,46389923,55843951,1,1
America,Brazil,Brazil – Bahia,BA,mean,8363856,7639596,11766477,16144900,26350230,32774407,39584278,55076359,74483109,85326357,96590517,121796250,135329871,1,2
America,Brazil,Brazil – Bahia,BA,high,8363856,11255322,17597670,24935118,44142878,55830877,69402764,101309776,135329871,135329871,135329871,135329871,135329871,1,3
America,Brazil,Brazil – Ceara,CE,low,332894,196859,283217,364174,522712,614235,706337,1375882,2000367,2000367,2000367,2000367,2000367,1,1
America,Brazil,Brazil – Ceara,CE,mean,332894,342379,490241,656799,1719561,2000367,2000367,2000367,2000367,2000367,2000367,2000367,2000367,1,2
America,Brazil,Brazil – Ceara,CE,high,332894,479408,727416,1440775,2000367,2000367,2000367,2000367,2000367,2000367,2000367,2000367,2000367,1,3
America,Brazil,Brazil – Espirito Santo,ES,low,995742,446948,644509,839939,1225700,1421221,1624868,2356138,3543597,4346180,5226968,7237511,10544768,1,1
America,Brazil,Brazil – Espirito Santo,ES,mean,995742,1012583,1492141,2002894,3588972,5203676,7114904,12688747,20862703,20862703,20862703,20862703,20862703,1,2
America,Brazil,Brazil – Espirito Santo,ES,high,995742,1584938,2424366,3670903,9289281,14057998,20862703,20862703,20862703,20862703,20862703,20862703,20862703,1,3
America,Brazil,Brazil – Goias,GO,low,2305355,1482872,2177655,2831277,4054614,4641370,5223160,5628117,5628117,5628117,5628117,5628117,5628117,1,1
America,Brazil,Brazil – Goias,GO,mean,2305355,2181152,3148232,4060607,5628117,5628117,5628117,5628117,5628117,5628117,5628117,5628117,5628117,1,2
America,Brazil,Brazil – Goias,GO,high,2305355,2837355,4063543,5336203,5628117,5628117,5628117,5628117,5628117,5628117,5628117,5628117,5628117,1,3
America,Brazil,Brazil – Maranhao,MA,low,42197698,25126793,36252975,47390578,69444703,80434984,91538307,114615278,140424813,155936733,175669974,258077574,258077574,1,1
America,Brazil,Brazil – Maranhao,MA,mean,42197698,42548924,62316105,81872949,122941636,147551734,182113273,258077574,258077574,258077574,258077574,258077574,258077574,1,2
America,Brazil,Brazil – Maranhao,MA,high,42197698,59935404,88138137,117571664,201064202,258077574,258077574,258077574,258077574,258077574,258077574,258077574,258077574,1,3
America,Brazil,Brazil – Mato Grosso,MT,low,232028062,178519574,268031939,358643482,542638753,635841333,730725255,928276043,1135118125,1242620259,1353222227,1584586673,1830569189,1,1
America,Brazil,Brazil – Mato Grosso,MT,mean,232028062,222161879,334492203,448429401,680945072,802581357,928238609,1191403108,1476556326,1628059598,1784712036,2112504327,2463329781,1,2
America,Brazil,Brazil – Mato Grosso,MT,high,232028062,266160747,401538987,539359324,828062177,981970261,1142364309,1486899957,1864750928,2065621427,2276772849,2747803453,2812158022,1,3
America,Brazil,Brazil – Mato Grosso do Sul,MS,low,2558039,2175624,3120694,4033728,5676153,6436683,7196813,8974674,11021810,12157727,13318009,15778202,19140164,1,1
America,Brazil,Brazil – Mato Grosso do Sul,MS,mean,2558039,2860459,4109897,5245888,7608645,9237341,10964143,15013434,19140164,19140164,19140164,19140164,19140164,1,2
America,Brazil,Brazil – Mato Grosso do Sul,MS,high,2558039,3539301,5027894,6543747,10991348,13865623,17565385,19140164,19140164,19140164,19140164,19140164,19140164,1,3
America,Brazil,Brazil – Minas Gerais,MG,low,12311049,6544088,9383509,12372690,18804519,22241682,25949960,35541794,43661247,43661247,43661247,43661247,43661247,1,1
America,Brazil,Brazil – Minas Gerais,MG,mean,12311049,12067441,18296965,25170193,43661247,43661247,43661247,43661247,43661247,43661247,43661247,43661247,43661247,1,2
America,Brazil,Brazil – Minas Gerais,MG,high,12311049,18129074,28809709,43661247,43661247,43661247,43661247,43661247,43661247,43661247,43661247,43661247,43661247,1,3
America,Brazil,Brazil – Para,PA,low,427129882,397677593,580226245,758204079,1109345802,1284445893,1462022187,1831683122,2221238782,2419665988,2619328694,3024063251,3440860257,1,1
America,Brazil,Brazil – Para,PA,mean,427129882,477956459,697021396,912020404,1339883715,1560479685,1788587325,2267867373,2763367023,3016029941,3272835244,3799604944,4351963477,1,2
America,Brazil,Brazil – Para,PA,high,427129882,557128772,812608971,1065440210,1581341050,1854991473,2141290203,2730263752,3338464604,3652958296,3978498023,4688093055,5548516647,1,3
America,Brazil,Brazil – Paraiba,PB,low,63369,39031,51160,61561,82123,92287,103500,294612,722946,883004,883004,883004,883004,1,1
America,Brazil,Brazil – Paraiba,PB,mean,63369,72315,98796,128114,408824,883004,883004,883004,883004,883004,883004,883004,883004,1,2
America,Brazil,Brazil – Paraiba,PB,high,63369,104638,153044,349359,883004,883004,883004,883004,883004,883004,883004,883004,883004,1,3
America,Brazil,Brazil – Parana,PR,low,11893114,7575301,10816475,14027981,20440859,23662288,26892691,33878466,41564961,45702981,49961757,58810590,69126053,1,1
America,Brazil,Brazil – Parana,PR,mean,11893114,11171114,16157551,21144852,31784396,38119134,44768274,59720583,78296335,88841128,100099110,126914738,163602913,1,2
America,Brazil,Brazil – Parana,PR,high,11893114,14730801,21500894,28695332,46498221,57141991,69461928,99008857,138541535,163602913,163602913,163602913,163602913,1,3
America,Brazil,Brazil – Pernambouco,PE,low,197747,106839,150886,194121,284100,328755,372563,646325,1159285,1535557,1970805,2996791,2996791,1,1
America,Brazil,Brazil – Pernambouco,PE,mean,197747,208729,306518,402213,849444,1502038,2364515,2996791,2996791,2996791,2996791,2996791,2996791,1,2
America,Brazil,Brazil – Pernambouco,PE,high,197747,313885,462339,783930,2996791,2996791,2996791,2996791,2996791,2996791,2996791,2996791,2996791,1,3
America,Brazil,Brazil – Piaui,PI,low,813160,342630,511818,715469,1109337,1296816,1483323,2171021,2292741,2292741,2292741,2292741,2292741,1,1
America,Brazil,Brazil – Piaui,PI,mean,813160,845620,1292076,1718334,2292741,2292741,2292741,2292741,2292741,2292741,2292741,2292741,2292741,1,2
America,Brazil,Brazil – Piaui,PI,high,813160,1352602,2000508,2292741,2292741,2292741,2292741,2292741,2292741,2292741,2292741,2292741,2292741,1,3
America,Brazil,Brazil – Rio de Janeiro,RJ,low,1707418,286475,464269,658341,1084352,1316779,1549289,2432387,3868802,4840277,5919614,8352672,12218576,1,1
America,Brazil,Brazil – Rio de Janeiro,RJ,mean,1707418,1378965,2276028,3275685,6108834,8674400,11613686,19521348,32220659,40193354,46667398,52746949,52746949,1,2
America,Brazil,Brazil – Rio de Janeiro,RJ,high,1707418,2720429,4542697,7001862,16258789,23296950,32831745,52746949,52746949,52746949,52746949,52746949,52746949,1,3
America,Brazil,Brazil – Rio Grande do Norte,RN,low,38699,28866,43485,56492,82371,94570,107078,279003,379162,379162,379162,379162,379162,1,1
America,Brazil,Brazil – Rio Grande do Norte,RN,mean,38699,46006,66989,87263,333614,379162,379162,379162,379162,379162,379162,379162,379162,1,2
America,Brazil,Brazil – Rio Grande do Norte,RN,high,38699,61706,89408,229945,379162,379162,379162,379162,379162,379162,379162,379162,379162,1,3
America,Brazil,Brazil – Rio Grande do Sul,RS,low,4823721,2725844,4027559,5361492,8144289,9586150,11064718,14461396,18463911,20743686,23157071,28359686,34789245,1,1
America,Brazil,Brazil – Rio Grande do Sul,RS,mean,4823721,3999506,6001080,8084150,12854687,16004564,19489355,28030784,39668065,46488612,53725981,70253655,94751116,1,2
America,Brazil,Brazil – Rio Grande do Sul,RS,high,4823721,5304678,8054651,11174308,20092512,26136670,33622764,52485230,76392592,91705121,103244394,103244394,103244394,1,3
America,Brazil,Brazil – Rondonia,RO,low,127749844,110540010,159584288,207184335,305292753,359083313,415966180,538598373,667564506,734597983,802802963,941673914,1086210544,1,1
America,Brazil,Brazil – Rondonia,RO,mean,127749844,129621774,187146882,243797193,368719601,439817714,515249422,673878658,845192529,933760778,1023742246,1208200416,1334345999,1,2
America,Brazil,Brazil – Rondonia,RO,high,127749844,148454988,214472338,282285911,441939860,532736629,628291530,832509208,1047368999,1159905134,1275844572,1334345999,1334345999,1,3
America,Brazil,Brazil – Roraima,RR,low,55421224,20621303,30630335,40558423,59973461,69541919,78941637,98153804,118386159,128860975,139408183,160670391,183767024,1,1
America,Brazil,Brazil – Roraima,RR,mean,55421224,61535966,90447053,119078969,177614436,208481088,239389268,304780752,375662745,412413776,449708394,529060720,620567103,1,2
America,Brazil,Brazil – Roraima,RR,high,55421224,100423503,148566410,197588109,301573976,357265049,415646381,542588987,682853147,757590380,837816683,1039017940,1363953163,1,3
America,Brazil,Brazil – Santa Catarina,SC,low,8051343,5581340,8366761,11173327,16848052,19714463,22596652,28925832,35925237,39717037,43613665,51706948,61275208,1,1
America,Brazil,Brazil – Santa Catarina,SC,mean,8051343,7384562,11095238,14843800,23075756,28218544,33608670,45890644,61517530,70243643,79203848,98688990,125093329,1,2
America,Brazil,Brazil – Santa Catarina,SC,high,8051343,9196192,13843556,18975297,32580409,40956799,50838716,74083337,100906811,116579396,136212552,165746184,165746184,1,3
America,Brazil,Brazil – Sao Paulo,SP,low,5535277,1561334,2383794,3347658,5961574,7535837,9236102,13444257,18604207,21580066,24718139,31426169,39826602,1,1
America,Brazil,Brazil – Sao Paulo,SP,mean,5535277,3049058,5329283,8241405,15872448,21180064,27027239,40995344,59347405,69730972,80446347,103817925,135255874,1,2
America,Brazil,Brazil – Sao Paulo,SP,high,5535277,5126256,9477805,15074923,31637886,42439203,55374810,86139595,121886704,142549404,167555937,212880139,212880139,1,3
America,Brazil,Brazil – Sergipe,SE,low,145426,39523,59713,79772,123642,146770,170640,409686,936241,1398437,1460077,1460077,1460077,1,1
America,Brazil,Brazil – Sergipe,SE,mean,145426,119156,187201,257856,680999,1460077,1460077,1460077,1460077,1460077,1460077,1460077,1460077,1,2
America,Brazil,Brazil – Sergipe,SE,high,145426,209394,328489,642507,1460077,1460077,1460077,1460077,1460077,1460077,1460077,1460077,1460077,1,3
America,Brazil,Brazil – Tocantins,TO,low,16279131,8673023,11930423,15307404,22339083,26281944,31083566,34127920,34127920,34127920,34127920,34127920,34127920,1,1
America,Brazil,Brazil – Tocantins,TO,mean,16279131,13616060,19676330,26301218,34127920,34127920,34127920,34127920,34127920,34127920,34127920,34127920,34127920,1,2
America,Brazil,Brazil – Tocantins,TO,high,16279131,18811604,28640194,34127920,34127920,34127920,34127920,34127920,34127920,34127920,34127920,34127920,34127920,1,3
America,Colombia,Colombia,COL,low,181668070,160652109,238712510,318062976,483690691,569489636,655636894,827387573,999578868,1086896055,1176886923,1366794786,1567911290,1,1
America,Colombia,Colombia,COL,mean,181668070,191470729,285952717,382551339,586169743,689332756,792260294,998631063,1212603000,1326437631,1444577814,1690874571,1947859142,1,2
America,Colombia,Colombia,COL,high,181668070,222599419,333597375,449016597,688845778,808880012,929192721,1174895880,1443508481,1585560736,1731658567,2034012443,2346943180,1,3
America,Costa Rica,Costa Rica,CRI,low,4690674,2574019,4052647,5623191,9023567,10834616,12702304,16575662,20599615,22662688,24766840,29099623,33627355,1,1
America,Costa Rica,Costa Rica,CRI,mean,4690674,4244812,6755715,9472699,15350536,18449866,21631677,28280600,35392182,39155655,43076727,51441553,60588087,1,2
America,Costa Rica,Costa Rica,CRI,high,4690674,6032000,9698316,13658988,22149906,26649475,31346587,41491018,52851563,59072424,65682826,79978135,90711447,1,3
America,Cuba,Cuba,CUB,low,3124274,1194562,2054721,2953521,4816538,5790638,6798142,8889849,11078782,12219945,13398571,15904228,18632355,1,1
America,Cuba,Cuba,CUB,mean,3124274,2630174,4317072,6081827,9910074,11947265,14112776,18964992,24430365,27375201,30472047,36947700,37889980,1,2
America,Cuba,Cuba,CUB,high,3124274,4150271,6737482,9524254,15747769,19383912,23329167,32121489,37889980,37889980,37889980,37889980,37889980,1,3
America,Dominica,Dominica,DMA,low,72343,27331,44278,62289,100545,120508,141382,185114,232057,256250,281026,332449,385480,1,1
America,Dominica,Dominica,DMA,mean,72343,62839,101492,142693,234258,283847,335810,443177,552102,607819,663552,776726,893910,1,2
America,Dominica,Dominica,DMA,high,72343,102157,165393,235798,391702,473026,555609,724285,899431,990002,1082138,1269721,1463659,1,3
America,Dominican Rep.,Dominican Rep.,DOM,low,3244973,1690058,2593607,3533212,5571900,6633585,7714561,9968375,12293419,13496695,14718091,17248633,19929092,1,1
America,Dominican Rep.,Dominican Rep.,DOM,mean,3244973,3053500,4772182,6619128,10516349,12565900,14685479,19195599,24302340,27217556,30548885,31637771,31637771,1,2
America,Dominican Rep.,Dominican Rep.,DOM,high,3244973,4506909,7150616,9937760,15920708,19177691,22740259,31637771,31637771,31637771,31637771,31637771,31637771,1,3
America,Ecuador,Ecuador,ECU,low,34207231,14155444,23155638,32804926,53529510,64584794,76001557,99493978,123698486,136118156,148762176,174571016,200871838,1,1
America,Ecuador,Ecuador,ECU,mean,34207231,25785056,42067774,59631454,97523680,117245450,137539397,179675098,223061116,245030415,267207870,312408978,359082563,1,2
America,Ecuador,Ecuador,ECU,high,34207231,38379331,62729296,88990084,144556052,173885707,203867010,264960627,328063797,360717847,394152561,463082285,534243187,1,3
America,El Salvador,El Salvador,SLV,low,381637,234594,362270,492670,753966,886885,1020017,1290057,1557209,1689337,1821300,2082122,2335352,1,1
America,El Salvador,El Salvador,SLV,mean,381637,370890,569767,771330,1181766,1388015,1591953,1995664,2383444,2570057,2751955,3104670,3104670,1,2
America,El Salvador,El Salvador,SLV,high,381637,509795,780537,1056338,1610289,1883229,2150129,2658031,3104670,3104670,3104670,3104670,3104670,1,3
America,French Guiana,French Guiana,GUF,low,2734470,3214527,4527824,5673397,7662221,8643848,9666675,11836296,14114512,15257549,16396320,18701868,21035032,1,1
America,French Guiana,French Guiana,GUF,mean,2734470,3863387,5377804,6668805,9109375,10417728,11778445,14612324,17448073,18894658,20347168,23277941,26266568,1,2
America,French Guiana,French Guiana,GUF,high,2734470,4494298,6154462,7608847,10647125,12288431,13990570,17384449,20845043,22597274,24371539,27986954,31751073,1,3
America,Grenada,Grenada,GRD,low,51558,8098,13137,18685,30290,36114,41938,53815,65989,72116,78303,90937,103977,1,1
America,Grenada,Grenada,GRD,mean,51558,49429,77654,107479,172885,208534,245305,322254,404115,404115,513345,513345,513345,1,2
America,Grenada,Grenada,GRD,high,51558,94139,150365,212946,349442,404115,513345,513345,513345,513345,513345,513345,513345,1,3
America,Guadeloupe,Guadeloupe,GLP,low,61815,47672,70791,93852,139993,163111,186246,229018,271241,292948,314942,359490,405057,1,1
America,Guadeloupe,Guadeloupe,GLP,mean,61815,73581,109714,145404,215706,248287,281880,350719,421951,457738,495658,576544,665870,1,2
America,Guadeloupe,Guadeloupe,GLP,high,61815,99154,147918,196618,286708,333108,381056,478964,588428,649000,714368,866507,1048362,1,3
America,Guatemala,Guatemala,GTM,low,16649349,13953438,21126140,28549456,44372210,52746047,61443048,79674984,99189933,109705779,117270134,117270134,117270134,1,1
America,Guatemala,Guatemala,GTM,mean,16649349,17947750,27358783,37259129,58671999,70135423,82000498,107651430,117270134,117270134,117270134,117270134,117270134,1,2
America,Guatemala,Guatemala,GTM,high,16649349,22029067,33816466,46415160,73838565,88556183,104314361,117270134,117270134,117270134,117270134,117270134,117270134,1,3
America,Guyana,Guyana,GUY,low,12847812,15236126,20213679,24917017,35058256,40011930,44888099,54721419,64865234,70047463,75270346,85825424,96456180,1,1
America,Guyana,Guyana,GUY,mean,12847812,19810466,26732993,34188655,48501721,55695360,63075602,78236346,93669087,101474216,109386348,125328051,141393986,1,2
America,Guyana,Guyana,GUY,high,12847812,24088845,33749870,43178200,62171671,72090428,82133835,102531159,123405309,133945562,144532038,165804210,187186550,1,3
America,Haiti,Haiti,HTI,low,811394,601864,907788,1188479,1754512,2065575,2393231,2749372,2749372,2749372,2749372,2749372,2749372,1,1
America,Haiti,Haiti,HTI,mean,811394,911909,1329362,1763006,2711908,2749372,2749372,2749372,2749372,2749372,2749372,2749372,2749372,1,2
America,Haiti,Haiti,HTI,high,811394,1195820,1766838,2410982,2749372,2749372,2749372,2749372,2749372,2749372,2749372,2749372,2749372,1,3
America,Honduras,Honduras,HND,low,17862606,13536939,21105031,28696103,43690875,50981393,58138941,72083685,85964863,93471753,102136087,122433844,128519818,1,1
America,Honduras,Honduras,HND,mean,17862606,19074840,29440918,39727755,59529432,69043648,78520621,99076895,126835904,128519818,128519818,128519818,128519818,1,2
America,Honduras,Honduras,HND,high,17862606,24632665,37724489,50472771,74825724,86856609,100841516,128519818,128519818,128519818,128519818,128519818,128519818,1,3
America,Jamaica,Jamaica,JAM,low,799088,397233,605761,822203,1279683,1518829,1763489,2263513,2772275,3030187,3289673,3813021,4340943,1,1
America,Jamaica,Jamaica,JAM,mean,799088,749057,1162985,1599710,2516827,2987167,3463390,4429135,5421654,5933584,6456895,7540525,8685745,1,2
America,Jamaica,Jamaica,JAM,high,799088,1124321,1763250,2432128,3812601,4517857,5238434,6747366,8366619,9229057,10129114,12079967,14252006,1,3
America,Martinique,Martinique,MTQ,low,76152,44909,63929,82412,120933,142031,164270,212591,263573,289338,315708,367979,420829,1,1
America,Martinique,Martinique,MTQ,mean,76152,73069,105723,141746,224839,269369,314988,406641,502218,550895,599706,701617,807406,1,2
America,Martinique,Martinique,MTQ,high,76152,100940,152656,211952,341026,406328,474185,613369,760689,837885,918431,1092262,1293718,1,3
America,Mexico,Mexico,MEX,low,39994737,32206712,47616486,63435472,96565704,113897840,131598133,167948897,206183858,226735946,249731373,266721634,266721634,1,1
America,Mexico,Mexico,MEX,mean,39994737,41899253,62614938,84136356,129773963,153484812,177869560,230272299,266721634,266721634,266721634,266721634,266721634,1,2
America,Mexico,Mexico,MEX,high,39994737,51767724,78035177,105703453,164165426,194993371,228047563,266721634,266721634,266721634,266721634,266721634,266721634,1,3
America,Montserrat,Montserrat,MSR,low,1110,287,519,744,1210,1481,1718,2202,2748,3032,3322,3886,4456,1,1
America,Montserrat,Montserrat,MSR,mean,1110,898,1481,2014,3322,3986,4660,5952,7233,7835,8427,9680,10881,1,2
America,Montserrat,Montserrat,MSR,high,1110,1553,2497,3488,5584,6603,7600,9493,11403,12377,13300,15179,16980,1,3
America,Nicaragua,Nicaragua,NIC,low,33338632,20433862,31706629,42330304,62486455,72615185,82834885,103587261,127530510,143490592,162691668,173263658,173263658,1,1
America,Nicaragua,Nicaragua,NIC,mean,33338632,38522207,56960177,75395643,113554543,138735191,173263658,173263658,173263658,173263658,173263658,173263658,173263658,1,2
America,Nicaragua,Nicaragua,NIC,high,33338632,55161800,81886264,109523001,173263658,173263658,173263658,173263658,173263658,173263658,173263658,173263658,173263658,1,3
America,Panama,Panama,PAN,low,6524044,4804989,7245665,9677721,14605309,17164362,19803271,25367192,31259585,34329245,37484908,44030370,50870514,1,1
America,Panama,Panama,PAN,mean,6524044,6662911,10024288,13408672,20572404,24412804,28410194,36869274,45944905,50694468,55585098,65789788,76615626,1,2
America,Panama,Panama,PAN,high,6524044,8519198,12813392,17283496,27009458,32265258,37776796,49528381,62195224,68885499,75835940,90488794,106215963,1,3
America,Paraguay,Paraguay,PRY,low,18518936,10878534,15834748,20432768,29179330,33515867,37770102,45950327,51447778,51447778,51447778,51447778,51447778,1,1
America,Paraguay,Paraguay,PRY,mean,18518936,18874841,26912982,34826650,49847818,51447778,51447778,51447778,51447778,51447778,51447778,51447778,51447778,1,2
America,Paraguay,Paraguay,PRY,high,18518936,26153456,37593639,48417120,51447778,51447778,51447778,51447778,51447778,51447778,51447778,51447778,51447778,1,3
America,Peru,Peru,PER,low,121861695,106359557,159560190,213460656,321133986,375272104,429725411,538971313,648138064,702685729,757195285,866177028,974734823,1,1
America,Peru,Peru,PER,mean,121861695,125204794,188472638,251990514,379215673,443405397,507806381,636556339,765115803,829347245,893527024,1021213229,1148372764,1,2
America,Peru,Peru,PER,high,121861695,144244207,217371858,290437029,437637572,511786726,585998944,734040737,881970221,955618789,1029016941,1175464067,1321826973,1,3
America,Puerto Rico,Puerto Rico,PRI,low,1031894,274676,456552,663207,1124565,1369363,1622188,2144817,2685422,2965311,3250215,3834976,4443617,1,1
America,Puerto Rico,Puerto Rico,PRI,mean,1031894,822556,1385774,1992111,3287317,3980292,4706493,6257097,7957109,8864752,9814112,11869222,13480988,1,2
America,Puerto Rico,Puerto Rico,PRI,high,1031894,1475087,2446821,3492519,5817645,7110521,8498886,11599870,13480988,13480988,13480988,13480988,13480988,1,3
America,Saint Kitts and N.,Saint Kitts and N.,KNA,low,6301,458,1129,1922,3892,4905,5958,8294,10773,12046,13321,15855,18523,1,1
America,Saint Kitts and N.,Saint Kitts and N.,KNA,mean,6301,3539,6532,9943,17195,20947,24859,32808,41064,45311,49596,58481,67694,1,2
America,Saint Kitts and N.,Saint Kitts and N.,KNA,high,6301,7500,13321,19400,32327,39073,46076,60609,76253,84424,92809,110219,127893,1,3
America,Saint Lucia,Saint Lucia,LCA,low,50618,26974,42440,56926,83627,97020,110209,136827,163506,177066,190749,218645,247797,1,1
America,Saint Lucia,Saint Lucia,LCA,mean,50618,59685,87883,115819,172084,200848,230731,293453,359188,393546,428899,502186,579524,1,2
America,Saint Lucia,Saint Lucia,LCA,high,50618,89210,131870,174890,266463,315187,365975,474278,591454,654578,721351,863862,1020601,1,3
America,Saint Martin,Saint Martin,MAF,low,2931,363,652,996,1696,2038,2348,2943,3700,4022,4423,5125,5125,1,1
America,Saint Martin,Saint Martin,MAF,mean,2931,3700,5125,5125,5125,5125,5125,5125,5125,5125,5125,5125,5125,1,2
America,Saint Martin,Saint Martin,MAF,high,2931,5125,5125,5125,5125,5125,5125,5125,5125,5125,5125,5125,5125,1,3
America,Saint Vincent,Saint Vincent,VCT,low,12342,3554,6506,9924,17706,21515,25478,33220,40937,44958,49171,57791,67001,1,1
America,Saint Vincent,Saint Vincent,VCT,mean,12342,9628,17272,24847,40029,48068,56504,74770,94086,104194,114587,137090,161497,1,2
America,Saint Vincent,Saint Vincent,VCT,high,12342,17272,28755,40029,65400,79532,94086,125719,161497,180551,200356,242271,288542,1,3
America,Sint Maarten,Sint Maarten,SXM,low,728,206,338,425,509,555,601,708,800,800,800,800,800,1,1
America,Sint Maarten,Sint Maarten,SXM,mean,728,708,800,800,800,800,800,800,800,800,800,800,800,1,2
America,Sint Maarten,Sint Maarten,SXM,high,728,800,800,800,800,800,800,800,800,800,800,800,800,1,3
America,Suriname,Suriname,SUR,low,12300973,13265416,18866673,24238616,34736124,39834599,44794456,54416306,64235845,69263622,74375891,84749639,95225452,1,1
America,Suriname,Suriname,SUR,mean,12300973,16449221,23425669,30215638,43304550,49490385,55668904,68380830,81560145,88273775,94983971,108414662,121775918,1,2
America,Suriname,Suriname,SUR,high,12300973,19583207,27918505,36072985,51483293,59059451,66840863,82920149,99295860,107493020,115663880,131956503,148293962,1,3
America,Trinidad and Tobago,Trinidad and Tobago,TTO,low,569447,73364,112999,154409,241597,286769,332575,424986,520781,569184,617481,715796,816979,1,1
America,Trinidad and Tobago,Trinidad and Tobago,TTO,mean,569447,536781,842053,1161984,1840557,2199813,2568668,3338035,4153070,4578947,5017859,5942796,6935416,1,2
America,Trinidad and Tobago,Trinidad and Tobago,TTO,high,569447,1056971,1669311,2327768,3750590,4520475,5334880,7131454,8856503,11544815,11544815,11544815,11544815,1,3
America,Venezuela,Venezuela,VEN,low,95678433,57410622,91491383,128169348,204788947,244310083,284790778,369611600,459581952,506141857,553467160,650021467,749415549,1,1
America,Venezuela,Venezuela,VEN,mean,95678433,90902688,146042016,203523825,324375694,389186443,456618524,597513408,744551054,820067119,896818253,1054206038,1215899547,1,2
America,Venezuela,Venezuela,VEN,high,95678433,126958513,202892634,282150453,455133150,548074520,643699286,842758629,1050730954,1157758099,1266342310,1486943100,1710746952,1,3
America,Virgin Isl. UK,Virgin Isl. UK,VGB,low,16778,4816,7517,10531,17826,21826,25986,35029,45666,51776,53002,53002,53002,1,1
America,Virgin Isl. UK,Virgin Isl. UK,VGB,mean,16778,21245,36424,53002,53002,53002,53002,53002,53002,53002,53002,53002,53002,1,2
America,Virgin Isl. UK,Virgin Isl. UK,VGB,high,16778,44055,53002,53002,53002,53002,53002,53002,53002,53002,53002,53002,53002,1,3
America,Virgin Isl. US,Virgin Isl. US,VIR,low,31242,11441,17581,23630,35299,40426,45606,55337,65108,69916,74593,84084,93652,1,1
America,Virgin Isl. US,Virgin Isl. US,VIR,mean,31242,48313,69120,89543,130167,150874,171861,210057,210057,210057,210057,210057,210057,1,2
America,Virgin Isl. US,Virgin Isl. US,VIR,high,31242,80006,115864,152168,210057,210057,210057,210057,210057,210057,210057,210057,210057,1,3
Africa,Angola,Angola,AGO,low,34218117,22102497,33532882,45993819,72082439,85406374,98805549,125330771,151753097,164959235,178160058,204594612,231939274,2,1
Africa,Angola,Angola,AGO,mean,34218117,35920143,56213663,77278869,119863528,140977406,162085943,204302789,249096922,275275169,308581466,366502531,366502531,2,2
Africa,Angola,Angola,AGO,high,34218117,50998405,79890797,109208764,167248607,196217114,225831693,298891194,366502531,366502531,366502531,366502531,366502531,2,3
Africa,Benin,Benin,BEN,low,63662,38020,60456,80923,125523,150000,168687,168687,168687,168687,168687,168687,168687,2,1
Africa,Benin,Benin,BEN,mean,63662,71169,107334,150000,168687,168687,168687,168687,168687,168687,168687,168687,168687,2,2
Africa,Benin,Benin,BEN,high,63662,100870,163380,168687,168687,168687,168687,168687,168687,168687,168687,168687,168687,2,3
Africa,Burundi,Burundi,BDI,low,192569,38389,60876,85064,152170,195224,256213,398120,551558,632408,713832,890064,1076662,2,1
Africa,Burundi,Burundi,BDI,mean,192569,186717,415573,684311,1324409,1697825,2108027,3068648,3759540,4760773,4760773,4760773,4760773,2,2
Africa,Burundi,Burundi,BDI,high,192569,523374,1024596,1630556,3204199,3759540,4760773,4760773,4760773,4760773,4760773,4760773,4760773,2,3
Africa,Cameroon,Cameroon,CMR,low,57839181,35514188,57248328,81338988,135322120,164985965,196124531,260328356,325806304,359083033,392756329,461605107,533787319,2,1
Africa,Cameroon,Cameroon,CMR,mean,57839181,45298745,73890783,105509243,177283751,216298981,255999175,336812060,420022763,462762626,506818286,599939461,698902560,2,2
Africa,Cameroon,Cameroon,CMR,high,57839181,55704927,91467248,131472785,221626841,268935287,316947736,415418738,518955597,574082796,631480132,751310674,876397555,2,3
Africa,CAR,CAR,CAF,low,22812119,19386730,29294965,39144978,58737764,68397648,77994294,97627093,117880800,128248506,138827654,160725342,183984078,2,1
Africa,CAR,CAR,CAF,mean,22812119,27691062,41664421,55530194,82916980,96893545,111182622,140752871,172358064,189257990,206998104,245319976,287776294,2,2
Africa,CAR,CAR,CAF,high,22812119,35908895,53933199,71703434,107872000,126716993,146235476,188362892,236097253,262513339,290612411,351522001,419059700,2,3
Africa,Comoros,Comoros,COM,low,103334,23120,38847,57037,94188,112799,132470,174352,220064,245353,271647,328118,389835,2,1
Africa,Comoros,Comoros,COM,mean,103334,54671,90307,126954,210746,259846,311943,430460,549844,612246,677825,808271,937084,2,2
Africa,Comoros,Comoros,COM,high,103334,89006,144704,207482,364943,453704,541930,731263,923344,1024423,1127397,1355488,1596931,2,3
Africa,Congo,Congo,COG,low,25615525,34087461,43889057,54485590,77666549,91152691,105741189,137370401,172110692,190485180,209074914,247210127,287768715,2,1
Africa,Congo,Congo,COG,mean,25615525,41061154,55369437,70766288,108249461,129630765,152334590,201777186,253771650,281380697,309917488,370253997,435254686,2,2
Africa,Congo,Congo,COG,high,25615525,48515483,67410146,89558276,142867681,173082024,204877713,271689750,345034096,384375072,425622761,513635909,608085289,2,3
Africa,DRC,DRC,COD,low,518134830,433167935,667458329,914698750,1439365490,1720919187,2014191578,2627953852,3278422945,3620305704,3973709305,4720204001,5522474548,2,1
Africa,DRC,DRC,COD,mean,518134830,573055258,891250763,1226418483,1958761392,2352436860,2760475991,3628011746,4576375671,5086492089,5618064647,6727029157,7872114450,2,2
Africa,DRC,DRC,COD,high,518134830,718142857,1122765171,1555232817,2510870635,3023315899,3563235523,4737382765,6047205934,6736818669,7439013826,8868662804,10328821165,2,3
Africa,Eq. Guinea,Eq. Guinea,GNQ,low,3016290,2364041,3602153,4937951,7785827,9244121,10717653,13662799,16605245,18082376,19565638,22555320,25582005,2,1
Africa,Eq. Guinea,Eq. Guinea,GNQ,mean,3016290,3228607,5020833,6940338,10897082,12889278,14878681,18874691,22915570,24965528,27029871,31202635,35444221,2,2
Africa,Eq. Guinea,Eq. Guinea,GNQ,high,3016290,4144297,6523279,8994536,14021089,16531670,19057932,24172542,29396560,32043662,34721438,40152336,45666422,2,3
Africa,Ethiopia,Ethiopia,ETH,low,30684517,20336747,31413662,43450575,69678744,83830703,98746796,131433076,168946087,189267589,201729788,201729788,201729788,2,1
Africa,Ethiopia,Ethiopia,ETH,mean,30684517,40362491,64540343,91170255,154295191,191797633,201729788,201729788,201729788,201729788,201729788,201729788,201729788,2,2
Africa,Ethiopia,Ethiopia,ETH,high,30684517,62848090,102577165,149548212,201729788,201729788,201729788,201729788,201729788,201729788,201729788,201729788,201729788,2,3
Africa,Gabon,Gabon,GAB,low,11064264,8921429,12020926,15052886,21594287,24984806,28438716,35680890,43421345,47442172,51507432,59803727,68256409,2,1
Africa,Gabon,Gabon,GAB,mean,11064264,11864454,16393798,21243907,31438640,36877176,42601468,54554739,66935118,73190109,79482771,92083987,104777900,2,2
Africa,Gabon,Gabon,GAB,high,11064264,14728077,21068000,27710373,42188163,50029394,58060072,74549833,91197145,99562479,107977220,124909938,142074134,2,3
Africa,Gambia,Gambia,GMB,low,37332,2959,4418,5827,8793,10365,12026,15316,18639,20199,21820,25022,28253,2,1
Africa,Gambia,Gambia,GMB,mean,37332,17886,27179,36704,56225,66190,76641,99579,115694,115694,115694,115694,115694,2,2
Africa,Gambia,Gambia,GMB,high,37332,33418,51117,69433,115694,115694,115694,115694,115694,115694,115694,115694,115694,2,3
Africa,Ghana,Ghana,GHA,low,28186007,19257195,28528496,37728581,58203518,69654377,83420581,149664165,185302608,185302608,185302608,185302608,185302608,2,1
Africa,Ghana,Ghana,GHA,mean,28186007,33416556,50697853,70497677,177804453,185302608,185302608,185302608,185302608,185302608,185302608,185302608,185302608,2,2
Africa,Ghana,Ghana,GHA,high,28186007,48257842,77325848,156146009,185302608,185302608,185302608,185302608,185302608,185302608,185302608,185302608,185302608,2,3
Africa,Guinea,Guinea,GIN,low,13131524,11357435,18142138,25737546,53253635,53253635,53253635,53253635,53253635,53253635,53253635,53253635,53253635,2,1
Africa,Guinea,Guinea,GIN,mean,13131524,15647772,25482656,39786984,53253635,53253635,53253635,53253635,53253635,53253635,53253635,53253635,53253635,2,2
Africa,Guinea,Guinea,GIN,high,13131524,20276747,35049534,53253635,53253635,53253635,53253635,53253635,53253635,53253635,53253635,53253635,53253635,2,3
Africa,Guinea Bissau,Guinea Bissau,GNB,low,727391,501593,726699,941823,1372583,1592708,1815117,2286121,2803099,3086908,3398580,3503871,3503871,2,1
Africa,Guinea Bissau,Guinea Bissau,GNB,mean,727391,659228,950816,1241245,1834748,2146811,2480316,3233373,3503871,3503871,3503871,3503871,3503871,2,2
Africa,Guinea Bissau,Guinea Bissau,GNB,high,727391,808152,1176776,1546301,2326314,2765170,3259437,3503871,3503871,3503871,3503871,3503871,3503871,2,3
Africa,Ivory Coast,Ivory Coast,CIV,low,95269333,53746280,83013624,116704688,232465779,232465779,232465779,232465779,232465779,232465779,232465779,232465779,232465779,2,1
Africa,Ivory Coast,Ivory Coast,CIV,mean,95269333,84718326,154004149,232465779,232465779,232465779,232465779,232465779,232465779,232465779,232465779,232465779,232465779,2,2
Africa,Ivory Coast,Ivory Coast,CIV,high,95269333,121581269,232465779,232465779,232465779,232465779,232465779,232465779,232465779,232465779,232465779,232465779,232465779,2,3
Africa,Kenya,Kenya,KEN,low,5249102,2585248,3972557,5380212,8257891,9750571,11245936,14411346,17689063,19378032,21098692,24660003,28466541,2,1
Africa,Kenya,Kenya,KEN,mean,5249102,6580164,10152791,13921518,22056531,26470604,31267829,41834453,54203618,57391865,57391865,57391865,57391865,2,2
Africa,Kenya,Kenya,KEN,high,5249102,10783109,16926392,23554977,39219232,48341959,57391865,57391865,57391865,57391865,57391865,57391865,57391865,2,3
Africa,Liberia,Liberia,LBR,low,50841134,35167042,52537799,70184390,109942687,132826189,157834394,213451090,276916684,311873916,348935780,428747141,514748979,2,1
Africa,Liberia,Liberia,LBR,mean,50841134,46782765,70209777,95859077,157889672,194221582,233720844,324130233,428921382,485764973,544642482,667354728,795944913,2,2
Africa,Liberia,Liberia,LBR,high,50841134,58357087,89145939,125038520,213583331,265914253,324218083,457189567,605347451,683298688,763709592,901493138,1011995231,2,3
Africa,Madagascar,Madagascar,MDG,low,78168344,55511837,84636332,115534124,182459627,218351348,256077474,336521503,422724427,467487788,499865362,499865362,499865362,2,1
Africa,Madagascar,Madagascar,MDG,mean,78168344,81751131,126950309,175677409,283856771,343229522,405613778,499865362,499865362,499865362,499865362,499865362,499865362,2,2
Africa,Madagascar,Madagascar,MDG,high,78168344,109365762,172318650,241209442,397122221,480564988,499865362,499865362,499865362,499865362,499865362,499865362,499865362,2,3
Africa,Malawi,Malawi,MWI,low,1934632,1204925,1860245,2402338,2424455,2424455,2424455,2424455,2424455,2424455,2424455,2424455,2424455,2,1
Africa,Malawi,Malawi,MWI,mean,1934632,2055435,2424455,2424455,2424455,2424455,2424455,2424455,2424455,2424455,2424455,2424455,2424455,2,2
Africa,Malawi,Malawi,MWI,high,1934632,2424455,2424455,2424455,2424455,2424455,2424455,2424455,2424455,2424455,2424455,2424455,2424455,2,3
Africa,Mauritius,Mauritius,MUS,low,0,0,0,0,0,0,0,0,0,0,0,0,0,2,1
Africa,Mauritius,Mauritius,MUS,mean,0,0,0,0,0,0,0,0,0,0,0,0,0,2,2
Africa,Mauritius,Mauritius,MUS,high,0,0,0,0,0,0,0,0,0,0,0,0,0,2,3
Africa,Mayotte,Mayotte,MYT,low,241602,68810,111892,155815,235249,272737,312922,394599,476993,513242,551044,643989,662245,2,1
Africa,Mayotte,Mayotte,MYT,mean,241602,269293,409967,544064,662245,662245,662245,662245,662245,662245,662245,662245,662245,2,2
Africa,Mayotte,Mayotte,MYT,high,241602,469013,662245,662245,662245,662245,662245,662245,662245,662245,662245,662245,662245,2,3
Africa,Nigeria,Nigeria,NGA,low,27238800,18405220,28492465,39458928,63404414,76479922,90379630,122013022,156244077,173386835,190639775,227553348,283363108,2,1
Africa,Nigeria,Nigeria,NGA,mean,27238800,28994298,46075093,64633600,107734490,133494504,159500164,212788103,296123710,310869442,310869442,310869442,310869442,2,2
Africa,Nigeria,Nigeria,NGA,high,27238800,40550794,65244138,93144487,161122690,196485619,235600249,310869442,310869442,310869442,310869442,310869442,310869442,2,3
Africa,Reunion,Reunion,REU,low,0,0,0,0,0,0,0,0,0,0,0,0,0,2,1
Africa,Reunion,Reunion,REU,mean,0,0,0,0,0,0,0,0,0,0,0,0,0,2,2
Africa,Reunion,Reunion,REU,high,0,0,0,0,0,0,0,0,0,0,0,0,0,2,3
Africa,Rwanda,Rwanda,RWA,low,550730,199589,296088,404768,769484,1146016,1633635,2772709,4059767,4749205,5463851,6885782,7863457,2,1
Africa,Rwanda,Rwanda,RWA,mean,550730,598530,1607526,3145703,6885782,7863457,13964063,13964063,13964063,13964063,13964063,13964063,13964063,2,2
Africa,Rwanda,Rwanda,RWA,high,550730,1956106,4681220,7863457,13964063,13964063,13964063,13964063,13964063,13964063,13964063,13964063,13964063,2,3
Africa,Senegal,Senegal,SEN,low,99038,1487,2773,4031,6471,7928,9307,11734,14094,15247,16345,18425,20665,2,1
Africa,Senegal,Senegal,SEN,mean,99038,91205,138548,187386,287775,340806,396188,519612,662231,691876,691876,691876,691876,2,2
Africa,Senegal,Senegal,SEN,high,99038,185035,284202,390850,651956,691876,691876,691876,691876,691876,691876,691876,691876,2,3
Africa,Sierra Leone,Sierra Leone,SLE,low,32294364,27981196,41053612,56130584,83425789,83425789,83425789,83425789,83425789,83425789,83425789,83425789,83425789,2,1
Africa,Sierra Leone,Sierra Leone,SLE,mean,32294364,39328919,63068876,83425789,83425789,83425789,83425789,83425789,83425789,83425789,83425789,83425789,83425789,2,2
Africa,Sierra Leone,Sierra Leone,SLE,high,32294364,51288406,83425789,83425789,83425789,83425789,83425789,83425789,83425789,83425789,83425789,83425789,83425789,2,3
Africa,South Sudan,South Sudan,SSD,low,847243,276218,434228,648616,1329159,1697552,2133208,2405293,2405293,2405293,2405293,2405293,2405293,2,1
Africa,South Sudan,South Sudan,SSD,mean,847243,453785,842650,1403576,2405293,2405293,2405293,2405293,2405293,2405293,2405293,2405293,2405293,2,2
Africa,South Sudan,South Sudan,SSD,high,847243,707287,1440174,2361195,2405293,2405293,2405293,2405293,2405293,2405293,2405293,2405293,2405293,2,3
Africa,Tanzania,Tanzania,TZA,low,3778394,2363431,3691325,5077373,8101621,9730549,11437821,15058369,18884469,20892268,22958826,27351600,32115208,2,1
Africa,Tanzania,Tanzania,TZA,mean,3778394,4040873,6349628,8921608,14610014,17674279,20911665,27953985,35949749,40275392,44796965,54385597,64814651,2,2
Africa,Tanzania,Tanzania,TZA,high,3778394,5796762,9331218,13243753,21945006,26819402,32159457,44105166,57501511,64814651,70789399,78268555,78268555,2,3
Africa,Togo,Togo,TGO,low,519158,309724,481514,648517,1044637,1323150,1323150,1323150,1323150,1323150,1323150,1323150,1323150,2,1
Africa,Togo,Togo,TGO,mean,519158,619081,984611,1323150,1323150,1323150,1323150,1323150,1323150,1323150,1323150,1323150,1323150,2,2
Africa,Togo,Togo,TGO,high,519158,965920,1323150,1323150,1323150,1323150,1323150,1323150,1323150,1323150,1323150,1323150,1323150,2,3
Africa,Uganda,Uganda,UGA,low,10106471,7451015,13464902,21501327,42938458,55047556,65612228,65612228,65612228,65612228,65612228,65612228,65612228,2,1
Africa,Uganda,Uganda,UGA,mean,10106471,16170397,32058840,51977517,65612228,65612228,65612228,65612228,65612228,65612228,65612228,65612228,65612228,2,2
Africa,Uganda,Uganda,UGA,high,10106471,28676192,56935111,65612228,65612228,65612228,65612228,65612228,65612228,65612228,65612228,65612228,65612228,2,3
Africa,Zambia,Zambia,ZMB,low,1656794,1013985,1545028,2080209,3085172,3501731,3896013,4007216,4007216,4007216,4007216,4007216,4007216,2,1
Africa,Zambia,Zambia,ZMB,mean,1656794,1763531,2660550,3432590,4007216,4007216,4007216,4007216,4007216,4007216,4007216,4007216,4007216,2,2
Africa,Zambia,Zambia,ZMB,high,1656794,2510896,3590370,4007216,4007216,4007216,4007216,4007216,4007216,4007216,4007216,4007216,4007216,2,3
Asia,Australia,Australia – Queensland,QLD,low,14009956,8543822,12658753,16773278,25114992,29237636,33352235,41407695,49398402,53439143,57526534,65786839,74202093,3,1
Asia,Australia,Australia – Queensland,QLD,mean,14009956,14729821,22013665,29289236,43470281,50500355,57630078,72220559,87454782,95467436,103774745,121291904,139843087,3,2
Asia,Australia,Australia – Queensland,QLD,high,14009956,20975250,31377176,41505009,61792809,72269653,83075506,106281725,131895359,145408386,159335558,188409661,218778149,3,3
Asia,Bangladesh,Bangladesh,BGD,low,2084435,1638252,2342926,2957529,4240961,4903413,5556731,6799148,8034780,8653669,9277860,10549072,11830144,3,1
Asia,Bangladesh,Bangladesh,BGD,mean,2084435,2400369,3354191,4356057,6350290,7296854,8253286,10192356,12174145,13178589,14182314,16184309,18188403,3,2
Asia,Bangladesh,Bangladesh,BGD,high,2084435,3066946,4415547,5781530,8363162,9665971,10999869,13705563,16412468,17768894,19123532,21839903,24593683,3,3
Asia,Bhutan,Bhutan,BTN,low,8948242,4985362,7472980,9999174,15168834,17804244,20462457,25832194,31226212,33927968,36639044,42082796,47531205,3,1
Asia,Bhutan,Bhutan,BTN,mean,8948242,8472303,12820917,17264938,26353810,30934316,35530029,44776864,54069214,58744789,63442344,72875978,82338339,3,2
Asia,Bhutan,Bhutan,BTN,high,8948242,12040803,18321452,24736707,37697690,44225173,50772133,63990037,77309928,83999345,90717367,104269512,117923117,3,3
Asia,Brunei,Brunei,BRN,low,493493,423647,609338,797375,1191696,1396349,1607401,2032667,2455856,2665584,2873759,3287437,3701293,3,1
Asia,Brunei,Brunei,BRN,mean,493493,550184,800213,1062602,1614236,1899553,2183129,2745954,3300537,3576734,3857186,4424135,5009869,3,2
Asia,Brunei,Brunei,BRN,high,493493,676029,1000401,1337735,2048870,2404174,2755711,3450659,4155230,4513407,4880032,5638510,6429280,3,3
Asia,Cambodia,Cambodia,KHM,low,105090069,74058658,114368242,157880457,254683897,304170557,304170557,304170557,304170557,304170557,304170557,304170557,304170557,3,1
Asia,Cambodia,Cambodia,KHM,mean,105090069,106407613,167709863,235428906,304170557,304170557,304170557,304170557,304170557,304170557,304170557,304170557,304170557,3,2
Asia,Cambodia,Cambodia,KHM,high,105090069,140921785,225952146,304170557,304170557,304170557,304170557,304170557,304170557,304170557,304170557,304170557,304170557,3,3
Asia,Fiji,Fiji,FJI,low,0,0,0,0,0,0,0,0,0,0,0,0,0,3,1
Asia,Fiji,Fiji,FJI,mean,0,0,0,0,0,0,0,0,0,0,0,0,0,3,2
Asia,Fiji,Fiji,FJI,high,0,0,0,0,0,0,0,0,0,0,0,0,0,3,3
Asia,India,India – Andaman and N.,AN,low,1159379,153748,240413,341830,561019,680707,803411,1062324,1325503,1457733,1589205,1850481,2110531,3,1
Asia,India,India – Andaman and N.,AN,mean,1159379,1018095,1653972,2283519,3456247,4013866,4584139,5738604,6945691,7564046,8185414,9442955,10715696,3,2
Asia,India,India – Andaman and N.,AN,high,1159379,2023206,3103317,4112645,6194656,7287461,8402971,10674227,13006894,14199007,15411303,17912335,20517494,3,3
Asia,India,India – North-East,NE,low,38497592,23359718,35956091,49165498,76669529,90713478,104917768,133602119,162597033,177207819,191881221,221432808,251364134,3,1
Asia,India,India – North-East,NE,mean,38497592,36667961,57074513,78214363,121603369,143628966,165825175,210718666,256366141,279504634,302895504,350518728,399406117,3,2
Asia,India,India – North-East,NE,high,38497592,50653130,78984382,108070019,167435896,197588320,228030255,290090949,354018357,386810590,420264643,489349455,561240604,3,3
Asia,India,India – West. Ghats,WG,low,20645602,10430599,17491172,25606389,44607539,55114209,66084151,88994080,113297928,126274121,139962640,160893605,160893605,3,1
Asia,India,India – West. Ghats,WG,mean,20645602,19249305,33325956,49349176,85357886,104626067,125188544,160893605,160893605,160893605,160893605,160893605,160893605,3,2
Asia,India,India – West. Ghats,WG,high,20645602,29724755,51770336,76464389,131355248,160893605,160893605,160893605,160893605,160893605,160893605,160893605,160893605,3,3
Asia,Indonesia,Indonesia,IDN,low,759115369,449406570,690618999,944777035,1495356504,1797824048,2121098061,2828379964,3607525203,4023393159,4454456761,5355618954,6301388256,3,1
Asia,Indonesia,Indonesia,IDN,mean,759115369,667921788,1040123143,1442054815,2368522245,2895165953,3459258249,4693175120,6037602809,6738588069,7451719997,8904188036,10384851618,3,2
Asia,Indonesia,Indonesia,IDN,high,759115369,897161706,1415710782,1999935461,3386022272,4175937500,5019182402,6825636025,8718321275,9685580822,10665976071,12657080684,14549477273,3,3
Asia,Laos,Laos,LAO,low,125523902,97446388,150297224,204533275,316535126,374344058,433440741,555941819,685651580,754562350,827859200,934281575,934281575,3,1
Asia,Laos,Laos,LAO,mean,125523902,126113106,194621446,265114310,411872981,488483232,567528073,735609280,934281575,934281575,934281575,934281575,934281575,3,2
Asia,Laos,Laos,LAO,high,125523902,155224931,239756044,327077559,510872426,608200660,710596475,934281575,934281575,934281575,934281575,934281575,934281575,3,3
Asia,Malaysia,Malaysia,MYS,low,210968368,129021822,203685859,285229813,468467578,570043225,677017752,905858710,1153439185,1283461229,1416789280,1691241689,1973011687,3,1
Asia,Malaysia,Malaysia,MYS,mean,210968368,178891151,287038165,406840601,681681779,833195550,993318376,1337002799,1703056754,1891448500,2082223241,2465991049,2837580504,3,2
Asia,Malaysia,Malaysia,MYS,high,210968368,232509945,377085983,541368527,915959930,1123537972,1342591848,1804210491,2283101734,2523867609,2763024752,2961606869,2961606869,3,3
Asia,Myanmar,Myanmar,MMR,low,166454035,93886825,148306381,206086901,328717572,392878422,458554191,593855306,734036337,805989465,879324817,1030239356,1186995167,3,1
Asia,Myanmar,Myanmar,MMR,mean,166454035,151631983,241269485,336193077,537588077,642800137,750895705,976382508,1215344220,1340032072,1468917486,1740499038,1825637933,3,2
Asia,Myanmar,Myanmar,MMR,high,166454035,213073919,339936555,474250131,759352372,910000647,1066706579,1399024789,1762670611,1825637933,1825637933,1825637933,1825637933,3,3
Asia,New Caledonia,New Caledonia,NCL,low,0,0,0,0,0,0,0,0,0,0,0,0,0,3,1
Asia,New Caledonia,New Caledonia,NCL,mean,0,0,0,0,0,0,0,0,0,0,0,0,0,3,2
Asia,New Caledonia,New Caledonia,NCL,high,0,0,0,0,0,0,0,0,0,0,0,0,0,3,3
Asia,Papua New Guinea,Papua New Guinea,PNG,low,44714462,36739384,50340215,63730223,91147873,104905275,118689087,146285774,173845604,187662286,201497588,229330562,257320783,3,1
Asia,Papua New Guinea,Papua New Guinea,PNG,mean,44714462,54382561,76793392,99546962,145118946,167903394,190691022,236664185,283145419,306794037,330696760,379424724,429358388,3,2
Asia,Papua New Guinea,Papua New Guinea,PNG,high,44714462,72044170,103734229,135526920,199150524,231221626,263498710,329481989,397708595,432716518,468207562,540434279,614213302,3,3
Asia,Philippines,Philippines,PHL,low,58391022,28222579,44330820,60972888,95899564,113961747,132289467,169343233,206896395,225841051,244906558,283413370,322614470,3,1
Asia,Philippines,Philippines,PHL,mean,58391022,56395811,88626771,122319759,191536921,226776375,262430147,335384629,411596558,451336357,492420857,579404513,674006197,3,2
Asia,Philippines,Philippines,PHL,high,58391022,86216940,135687671,186426323,290615873,344515573,400235540,519343525,652632901,725985954,804564523,977327053,1105743327,3,3
Asia,Singapore,Singapore,SGP,low,19145,7310,13378,20248,36077,44839,54170,74435,97101,109507,122465,150370,180375,3,1
Asia,Singapore,Singapore,SGP,mean,19145,15193,27166,40711,72321,90476,110340,155240,205170,231252,258129,317915,402672,3,2
Asia,Singapore,Singapore,SGP,high,19145,24294,42949,64788,117176,148504,182438,254810,342900,402672,424430,424430,424430,3,3
Asia,Solomon Isl.,Solomon Isl.,SLB,low,0,0,0,0,0,0,0,0,0,0,0,0,0,3,1
Asia,Solomon Isl.,Solomon Isl.,SLB,mean,0,0,0,0,0,0,0,0,0,0,0,0,0,3,2
Asia,Solomon Isl.,Solomon Isl.,SLB,high,0,0,0,0,0,0,0,0,0,0,0,0,0,3,3
Asia,Sri Lanka,Sri Lanka,LKA,low,5628815,2387701,3661024,5099342,8508471,10357988,12268900,16231751,20406133,22545980,24720903,29144608,33668714,3,1
Asia,Sri Lanka,Sri Lanka,LKA,mean,5628815,4282789,7048361,10188321,16980131,20603414,24327193,32022857,39967783,44030910,48153367,56608596,65477421,3,2
Asia,Sri Lanka,Sri Lanka,LKA,high,5628815,6579371,11050675,15865952,26320139,31818246,37438071,49035242,61211174,67673016,74518091,90841856,90841856,3,3
Asia,Thailand,Thailand,THA,low,39142014,22947823,35754083,49069038,76871546,91247180,105891211,135963284,166920297,182717938,198736319,231333166,264707558,3,1
Asia,Thailand,Thailand,THA,mean,39142014,38082621,59562923,81944667,128862686,153233017,178133494,229503726,282823048,310199947,338084304,395453567,455954560,3,2
Asia,Thailand,Thailand,THA,high,39142014,53905256,84501283,116475483,183794643,218929320,255000611,329849608,408691968,450279018,493908684,601828588,601828588,3,3
Asia,Timor-Leste,Timor-Leste,TLS,low,750371,268815,395293,529059,800594,940002,1081292,1367413,1655064,1797115,1938919,2225961,2516433,3,1
Asia,Timor-Leste,Timor-Leste,TLS,mean,750371,739434,1129965,1528707,2324920,2726681,3128437,3938664,4747584,5074396,5247430,5247430,5247430,3,2
Asia,Timor-Leste,Timor-Leste,TLS,high,750371,1242542,1893888,2551526,3876774,4540442,5247430,5247430,5247430,5247430,5247430,5247430,5247430,3,3
Asia,Vanuatu,Vanuatu,VUT,low,0,0,0,0,0,0,0,0,0,0,0,0,0,3,1
Asia,Vanuatu,Vanuatu,VUT,mean,0,0,0,0,0,0,0,0,0,0,0,0,0,3,2
Asia,Vanuatu,Vanuatu,VUT,high,0,0,0,0,0,0,0,0,0,0,0,0,0,3,3
Asia,Vietnam,Vietnam,VNM,low,71021368,53469205,78844527,105347463,160967312,189981719,219711007,281035575,344921454,377922051,411709069,482369367,558826168,3,1
Asia,Vietnam,Vietnam,VNM,mean,71021368,73471120,110436975,149124341,231046787,273923178,318029451,410342306,510317692,564775749,623599935,672766277,672766277,3,2
Asia,Vietnam,Vietnam,VNM,high,71021368,94197952,143258140,194944556,304759549,362782285,423271341,555601163,672766277,672766277,672766277,672766277,672766277,3,3
